#SESSION#,17:20:07,950.000000 MHz (dBm),952.000000 MHz (dBm)
17:20:07,-87.220,-95.851
17:20:17,-87.369,-95.893
17:20:27,-87.423,-95.909
17:20:37,-87.361,-95.958
#SESSION#,17:20:57,950.000000 MHz (dBm),952.000000 MHz (dBm)
17:20:57,-87.397,-95.976
17:21:07,-87.381,-95.962
17:21:17,-87.433,-95.931
17:21:27,-87.632,-95.961
17:21:37,-88.006,-95.911
17:21:47,-88.349,-95.908
17:21:57,-88.664,-95.900
17:22:07,-88.956,-96.141
17:22:17,-89.230,-96.415
17:22:27,-89.485,-96.671
17:22:37,-89.723,-96.909
17:22:47,-89.835,-97.093
17:22:57,-89.931,-97.226
17:23:07,-90.043,-97.346
17:23:17,-90.129,-97.446
17:23:27,-90.215,-97.566
17:23:37,-90.282,-97.679
#SESSION#,17:23:47,950.000000 MHz (dBm),952.000000 MHz (dBm)
17:23:47,-90.354,-97.763
17:23:57,-90.428,-97.814
17:24:07,-90.497,-97.752
17:24:17,-90.551,-97.667
17:24:27,-90.604,-97.624
17:24:37,-90.662,-97.544
17:24:47,-90.715,-97.471
17:24:57,-90.746,-97.410
17:25:07,-90.793,-97.380
17:25:17,-90.835,-97.327
17:25:27,-90.723,-97.279
17:25:37,-90.590,-97.246
17:25:47,-90.490,-97.215
17:25:57,-90.386,-97.211
17:26:07,-90.279,-97.166
17:26:17,-90.179,-97.132
17:26:27,-90.079,-97.105
17:26:37,-89.995,-97.073
17:26:47,-89.901,-97.042
17:26:57,-89.826,-97.017
17:27:07,-89.748,-96.987
17:27:17,-89.693,-96.973
17:27:28,-89.625,-96.951
17:27:38,-89.573,-96.921
17:27:48,-89.531,-96.910
17:27:58,-89.588,-96.895
17:28:08,-89.670,-96.874
17:28:18,-89.751,-96.856
17:28:28,-89.830,-96.847
17:28:38,-89.897,-96.829
17:28:48,-89.934,-96.817
17:28:58,-89.963,-96.807
17:29:08,-89.998,-96.792
17:29:18,-90.065,-96.791
17:29:28,-90.136,-96.862
17:29:38,-90.205,-96.931
17:29:48,-90.252,-96.980
17:29:58,-90.287,-97.025
#SESSION#,18:14:33,950.000000 MHz (dBm),952.000000 MHz (dBm)
18:14:33,-88.481,-96.972
18:14:43,-88.125,-96.688
18:14:53,-88.020,-96.557
18:15:03,-87.899,-96.543
18:15:13,-87.841,-96.540
18:15:23,-87.774,-96.370
18:15:33,-87.769,-96.278
18:15:43,-87.746,-96.237
18:15:53,-87.697,-96.196
18:16:04,-87.672,-96.192
18:16:14,-87.619,-96.173
18:16:24,-87.635,-96.172
18:16:34,-87.603,-96.189
18:16:44,-87.619,-96.183
18:16:54,-87.602,-96.189
18:17:04,-87.605,-96.154
18:17:14,-87.578,-96.139
18:17:24,-87.581,-96.138
18:17:34,-87.565,-96.114
18:17:44,-87.571,-96.116
18:17:54,-87.532,-96.109
18:18:04,-87.540,-96.079
18:18:14,-87.532,-96.087
18:18:24,-87.524,-96.076
18:18:34,-87.518,-96.078
18:18:44,-87.504,-96.070
18:18:54,-87.506,-96.058
18:19:04,-87.479,-96.051
18:19:14,-87.491,-96.053
18:19:24,-87.504,-96.052
18:19:34,-87.503,-96.053
18:19:44,-87.512,-96.054
18:19:54,-87.516,-96.053
18:20:04,-87.516,-96.054
18:20:14,-87.529,-96.034
18:20:24,-87.519,-96.034
18:20:34,-87.523,-96.033
18:20:44,-87.521,-96.028
18:20:54,-87.529,-96.033
18:21:04,-87.536,-96.031
18:21:14,-87.532,-96.041
18:21:25,-87.532,-96.034
18:21:35,-87.521,-96.040
18:21:45,-87.522,-96.040
18:21:55,-87.528,-96.040
18:22:05,-87.542,-96.044
18:22:15,-87.543,-96.049
18:22:25,-87.548,-96.048
18:22:35,-87.546,-96.053
18:22:45,-87.538,-96.061
18:22:55,-87.537,-96.054
18:23:05,-87.531,-96.055
18:23:15,-87.517,-96.053
18:23:25,-87.521,-96.051
18:23:35,-87.533,-96.046
18:23:45,-87.521,-96.045
18:23:55,-87.525,-96.046
18:24:05,-87.532,-96.043
18:24:15,-87.534,-96.043
18:24:25,-87.532,-96.034
18:24:35,-87.534,-96.025
18:24:45,-87.541,-96.033
18:24:55,-87.546,-96.028
18:25:05,-87.546,-96.034
18:25:15,-87.550,-96.042
18:25:25,-87.557,-96.039
18:25:35,-87.567,-96.038
18:25:45,-87.570,-96.042
18:25:55,-87.567,-96.038
18:26:05,-87.566,-96.037
18:26:15,-87.565,-96.028
18:26:25,-87.557,-96.028
18:26:35,-87.550,-96.033
18:26:46,-87.554,-96.031
18:26:56,-87.555,-96.032
18:27:06,-87.557,-96.033
18:27:16,-87.559,-96.035
18:27:26,-87.567,-96.036
18:27:36,-87.569,-96.036
18:27:46,-87.572,-96.039
18:27:56,-87.573,-96.040
18:28:06,-87.570,-96.038
18:28:16,-87.570,-96.038
18:28:26,-87.570,-96.043
18:28:36,-87.573,-96.041
18:28:46,-87.573,-96.038
18:28:56,-87.576,-96.038
18:29:06,-87.578,-96.040
18:29:16,-87.579,-96.033
18:29:26,-87.579,-96.036
18:29:36,-87.575,-96.035
18:29:46,-87.577,-96.037
18:29:56,-87.572,-96.041
18:30:06,-87.574,-96.038
18:30:16,-87.578,-96.043
18:30:26,-87.581,-96.036
18:30:36,-87.576,-96.036
18:30:46,-87.580,-96.034
18:30:56,-87.583,-96.033
18:31:06,-87.583,-96.033
18:31:16,-87.587,-96.035
18:31:26,-87.585,-96.033
18:31:36,-87.578,-96.031
18:31:46,-87.580,-96.033
18:31:56,-87.583,-96.035
18:32:06,-87.581,-96.038
18:32:17,-87.584,-96.040
18:32:27,-87.591,-96.046
18:32:37,-87.593,-96.047
18:32:47,-87.596,-96.050
18:32:57,-87.595,-96.054
18:33:07,-87.600,-96.054
18:33:17,-87.603,-96.054
18:33:27,-87.601,-96.055
18:33:37,-87.602,-96.050
18:33:47,-87.604,-96.049
18:33:57,-87.609,-96.048
18:34:07,-87.612,-96.049
18:34:17,-87.613,-96.053
18:34:27,-87.615,-96.054
18:34:37,-87.614,-96.052
18:34:47,-87.609,-96.053
18:34:57,-87.607,-96.056
18:35:07,-87.607,-96.055
18:35:17,-87.605,-96.058
18:35:27,-87.602,-96.054
18:35:37,-87.601,-96.052
18:35:47,-87.602,-96.050
18:35:57,-87.602,-96.050
18:36:07,-87.596,-96.047
18:36:17,-87.596,-96.048
18:36:27,-87.595,-96.043
18:36:37,-87.598,-96.045
18:36:47,-87.595,-96.044
18:36:57,-87.592,-96.047
18:37:07,-87.595,-96.049
18:37:17,-87.598,-96.050
18:37:27,-87.596,-96.048
18:37:37,-87.598,-96.049
18:37:48,-87.595,-96.051
18:37:58,-87.596,-96.051
18:38:08,-87.593,-96.053
18:38:18,-87.592,-96.053
18:38:28,-87.589,-96.050
18:38:38,-87.591,-96.053
18:38:48,-87.591,-96.052
18:38:58,-87.585,-96.050
18:39:08,-87.588,-96.048
18:39:18,-87.588,-96.051
18:39:28,-87.591,-96.049
18:39:38,-87.594,-96.048
18:39:48,-87.591,-96.044
18:39:58,-87.593,-96.046
18:40:08,-87.590,-96.045
18:40:18,-87.590,-96.043
18:40:28,-87.592,-96.045
18:40:38,-87.592,-96.047
18:40:48,-87.594,-96.048
18:40:58,-87.592,-96.043
18:41:08,-87.596,-96.042
18:41:18,-87.597,-96.043
18:41:28,-87.599,-96.047
18:41:38,-87.599,-96.045
18:41:48,-87.597,-96.044
18:41:58,-87.593,-96.044
18:42:08,-87.594,-96.047
18:42:18,-87.595,-96.046
18:42:28,-87.595,-96.044
18:42:38,-87.595,-96.040
18:42:48,-87.594,-96.039
18:42:58,-87.590,-96.041
18:43:08,-87.588,-96.041
18:43:19,-87.588,-96.042
18:43:29,-87.589,-96.041
18:43:39,-87.587,-96.042
18:43:49,-87.588,-96.037
18:43:59,-87.588,-96.037
18:44:09,-87.588,-96.038
18:44:19,-87.588,-96.039
18:44:29,-87.585,-96.038
18:44:39,-87.587,-96.036
18:44:49,-87.586,-96.038
18:44:59,-87.587,-96.038
18:45:09,-87.588,-96.038
18:45:19,-87.593,-96.034
18:45:29,-87.592,-96.037
18:45:39,-87.592,-96.031
18:45:49,-87.591,-96.030
18:45:59,-87.590,-96.029
18:46:09,-87.590,-96.029
18:46:19,-87.588,-96.030
18:46:29,-87.588,-96.029
18:46:39,-87.593,-96.030
18:46:49,-87.594,-96.030
18:46:59,-87.594,-96.033
18:47:09,-87.594,-96.033
18:47:19,-87.595,-96.034
18:47:29,-87.595,-96.035
18:47:39,-87.595,-96.034
18:47:49,-87.596,-96.037
18:47:59,-87.596,-96.036
18:48:09,-87.594,-96.036
18:48:19,-87.594,-96.036
18:48:29,-87.595,-96.037
18:48:39,-87.595,-96.040
18:48:50,-87.596,-96.042
18:49:00,-87.594,-96.041
18:49:10,-87.595,-96.042
18:49:20,-87.596,-96.040
18:49:30,-87.597,-96.039
18:49:40,-87.600,-96.039
18:49:50,-87.599,-96.039
18:50:00,-87.602,-96.040
18:50:10,-87.603,-96.040
18:50:20,-87.604,-96.039
18:50:30,-87.606,-96.037
18:50:40,-87.605,-96.037
18:50:50,-87.604,-96.037
18:51:00,-87.603,-96.037
18:51:10,-87.602,-96.038
18:51:20,-87.601,-96.040
18:51:30,-87.597,-96.040
18:51:40,-87.597,-96.041
18:51:50,-87.598,-96.042
18:52:00,-87.599,-96.045
18:52:10,-87.598,-96.046
18:52:20,-87.600,-96.048
18:52:30,-87.600,-96.047
18:52:40,-87.601,-96.048
18:52:50,-87.602,-96.048
18:53:00,-87.602,-96.048
18:53:10,-87.601,-96.049
18:53:20,-87.600,-96.051
18:53:30,-87.600,-96.050
18:53:40,-87.599,-96.049
18:53:50,-87.600,-96.046
18:54:00,-87.599,-96.046
18:54:10,-87.597,-96.046
18:54:21,-87.597,-96.048
18:54:31,-87.598,-96.048
18:54:41,-87.598,-96.048
18:54:51,-87.599,-96.047
18:55:01,-87.598,-96.048
18:55:11,-87.596,-96.047
18:55:21,-87.598,-96.048
18:55:31,-87.599,-96.047
18:55:41,-87.599,-96.047
18:55:51,-87.599,-96.048
18:56:01,-87.598,-96.049
18:56:11,-87.597,-96.048
18:56:21,-87.596,-96.049
18:56:31,-87.596,-96.050
18:56:41,-87.594,-96.052
18:56:51,-87.596,-96.052
18:57:01,-87.595,-96.052
18:57:11,-87.595,-96.052
18:57:21,-87.596,-96.052
18:57:31,-87.597,-96.051
18:57:41,-87.597,-96.051
18:57:51,-87.597,-96.049
18:58:01,-87.598,-96.047
18:58:11,-87.596,-96.047
18:58:21,-87.597,-96.048
18:58:31,-87.596,-96.047
18:58:41,-87.596,-96.047
18:58:51,-87.596,-96.046
18:59:01,-87.596,-96.046
18:59:11,-87.596,-96.045
18:59:21,-87.598,-96.045
18:59:31,-87.600,-96.044
18:59:42,-87.600,-96.046
18:59:52,-87.599,-96.047
19:00:02,-87.599,-96.047
19:00:12,-87.599,-96.045
19:00:22,-87.598,-96.045
19:00:32,-87.599,-96.045
19:00:42,-87.599,-96.045
19:00:52,-87.601,-96.045
19:01:02,-87.600,-96.047
19:01:12,-87.601,-96.047
19:01:22,-87.602,-96.047
19:01:32,-87.605,-96.046
19:01:42,-87.604,-96.047
19:01:52,-87.603,-96.046
19:02:02,-87.604,-96.046
19:02:12,-87.603,-96.047
19:02:22,-87.604,-96.047
19:02:32,-87.602,-96.047
19:02:42,-87.602,-96.046
19:02:52,-87.605,-96.045
19:03:02,-87.605,-96.046
19:03:12,-87.607,-96.046
19:03:22,-87.607,-96.046
19:03:32,-87.607,-96.046
19:03:42,-87.609,-96.047
19:03:52,-87.608,-96.047
19:04:02,-87.610,-96.046
19:04:12,-87.610,-96.046
19:04:22,-87.611,-96.046
19:04:32,-87.613,-96.046
19:04:42,-87.614,-96.048
19:04:52,-87.614,-96.050
19:05:03,-87.616,-96.051
19:05:13,-87.616,-96.052
19:05:23,-87.617,-96.054
19:05:33,-87.618,-96.055
19:05:43,-87.617,-96.056
19:05:53,-87.618,-96.055
19:06:03,-87.618,-96.055
19:06:13,-87.620,-96.054
19:06:23,-87.619,-96.053
19:06:33,-87.619,-96.054
19:06:43,-87.620,-96.053
19:06:53,-87.620,-96.051
19:07:03,-87.619,-96.051
19:07:13,-87.618,-96.052
19:07:23,-87.619,-96.053
19:07:33,-87.620,-96.054
19:07:43,-87.621,-96.054
19:07:53,-87.621,-96.053
19:08:03,-87.622,-96.053
19:08:13,-87.624,-96.054
19:08:23,-87.624,-96.054
19:08:33,-87.625,-96.055
19:08:43,-87.625,-96.056
19:08:53,-87.624,-96.056
19:09:03,-87.622,-96.055
19:09:13,-87.621,-96.056
19:09:23,-87.621,-96.056
19:09:33,-87.620,-96.058
19:09:43,-87.621,-96.058
19:09:53,-87.619,-96.059
19:10:03,-87.619,-96.058
19:10:13,-87.619,-96.059
19:10:23,-87.618,-96.060
19:10:34,-87.620,-96.061
19:10:44,-87.620,-96.062
19:10:54,-87.619,-96.061
19:11:04,-87.620,-96.063
19:11:14,-87.622,-96.062
19:11:24,-87.622,-96.063
19:11:34,-87.621,-96.061
19:11:44,-87.620,-96.061
19:11:54,-87.619,-96.062
19:12:04,-87.619,-96.061
19:12:14,-87.618,-96.062
19:12:24,-87.618,-96.063
19:12:34,-87.619,-96.062
19:12:44,-87.619,-96.060
19:12:54,-87.620,-96.059
19:13:04,-87.620,-96.059
19:13:14,-87.620,-96.059
19:13:24,-87.621,-96.060
19:13:34,-87.620,-96.061
19:13:44,-87.620,-96.060
19:13:54,-87.620,-96.060
19:14:04,-87.621,-96.061
19:14:14,-87.619,-96.061
19:14:24,-87.620,-96.061
19:14:34,-87.619,-96.063
19:14:44,-87.621,-96.063
19:14:54,-87.620,-96.063
19:15:04,-87.620,-96.063
19:15:14,-87.621,-96.063
19:15:24,-87.621,-96.062
19:15:34,-87.621,-96.064
19:15:44,-87.621,-96.064
19:15:55,-87.624,-96.063
19:16:05,-87.624,-96.063
19:16:15,-87.623,-96.063
19:16:25,-87.623,-96.064
19:16:35,-87.622,-96.063
19:16:45,-87.620,-96.062
19:16:55,-87.620,-96.062
19:17:05,-87.620,-96.062
19:17:15,-87.620,-96.063
19:17:25,-87.618,-96.063
19:17:35,-87.619,-96.063
19:17:45,-87.618,-96.063
19:17:55,-87.619,-96.063
19:18:05,-87.618,-96.064
19:18:15,-87.619,-96.063
19:18:25,-87.619,-96.063
19:18:35,-87.619,-96.061
19:18:45,-87.620,-96.060
19:18:55,-87.620,-96.060
19:19:05,-87.619,-96.060
19:19:15,-87.620,-96.059
19:19:25,-87.620,-96.058
19:19:35,-87.621,-96.059
19:19:45,-87.621,-96.060
19:19:55,-87.622,-96.061
19:20:05,-87.623,-96.061
19:20:15,-87.623,-96.061
19:20:25,-87.625,-96.060
19:20:35,-87.626,-96.061
19:20:45,-87.626,-96.059
19:20:55,-87.627,-96.059
19:21:05,-87.627,-96.058
19:21:15,-87.628,-96.057
19:21:26,-87.626,-96.057
19:21:36,-87.627,-96.057
19:21:46,-87.627,-96.057
19:21:56,-87.626,-96.058
19:22:06,-87.626,-96.058
19:22:16,-87.626,-96.057
19:22:26,-87.625,-96.058
19:22:36,-87.625,-96.058
19:22:46,-87.626,-96.059
19:22:56,-87.625,-96.058
19:23:06,-87.626,-96.059
19:23:16,-87.625,-96.058
19:23:26,-87.626,-96.058
19:23:36,-87.626,-96.059
19:23:46,-87.627,-96.057
19:23:56,-87.627,-96.055
19:24:06,-87.627,-96.055
19:24:16,-87.626,-96.055
19:24:26,-87.626,-96.055
19:24:36,-87.627,-96.056
19:24:46,-87.628,-96.056
19:24:56,-87.628,-96.056
19:25:06,-87.628,-96.056
19:25:16,-87.626,-96.056
19:25:26,-87.627,-96.057
19:25:36,-87.628,-96.056
19:25:46,-87.626,-96.055
19:25:56,-87.624,-96.055
19:26:06,-87.626,-96.056
19:26:16,-87.625,-96.056
19:26:26,-87.625,-96.056
19:26:36,-87.627,-96.056
19:26:46,-87.626,-96.056
19:26:56,-87.625,-96.056
19:27:07,-87.623,-96.056
19:27:17,-87.623,-96.056
19:27:27,-87.623,-96.056
19:27:37,-87.623,-96.056
19:27:47,-87.624,-96.055
19:27:57,-87.623,-96.054
19:28:07,-87.621,-96.055
19:28:17,-87.622,-96.054
19:28:27,-87.622,-96.054
19:28:37,-87.622,-96.054
19:28:47,-87.623,-96.054
19:28:57,-87.622,-96.054
19:29:07,-87.622,-96.054
19:29:17,-87.622,-96.054
19:29:27,-87.621,-96.054
19:29:37,-87.620,-96.055
19:29:47,-87.620,-96.055
19:29:57,-87.620,-96.054
19:30:07,-87.620,-96.055
19:30:17,-87.619,-96.054
19:30:27,-87.619,-96.054
19:30:37,-87.618,-96.054
19:30:47,-87.619,-96.055
19:30:57,-87.619,-96.056
19:31:07,-87.619,-96.055
19:31:17,-87.618,-96.055
19:31:27,-87.618,-96.054
19:31:37,-87.618,-96.056
19:31:47,-87.618,-96.055
19:31:57,-87.619,-96.056
19:32:07,-87.619,-96.055
19:32:17,-87.620,-96.054
19:32:27,-87.621,-96.055
19:32:37,-87.620,-96.056
19:32:47,-87.621,-96.055
19:32:58,-87.620,-96.055
19:33:08,-87.620,-96.055
19:33:18,-87.619,-96.055
19:33:28,-87.619,-96.056
19:33:38,-87.620,-96.056
19:33:48,-87.619,-96.055
19:33:58,-87.619,-96.055
19:34:08,-87.619,-96.056
19:34:18,-87.619,-96.055
19:34:28,-87.619,-96.054
19:34:38,-87.619,-96.055
19:34:48,-87.620,-96.054
19:34:58,-87.620,-96.055
19:35:08,-87.621,-96.056
19:35:18,-87.621,-96.056
19:35:28,-87.620,-96.057
19:35:38,-87.621,-96.056
19:35:48,-87.621,-96.055
19:35:58,-87.621,-96.055
19:36:08,-87.620,-96.055
19:36:18,-87.619,-96.056
19:36:28,-87.619,-96.054
19:36:38,-87.618,-96.056
19:36:48,-87.619,-96.054
19:36:58,-87.619,-96.054
19:37:08,-87.619,-96.053
19:37:18,-87.619,-96.053
19:37:28,-87.619,-96.054
19:37:38,-87.619,-96.053
19:37:48,-87.619,-96.053
19:37:58,-87.620,-96.053
19:38:08,-87.620,-96.053
19:38:18,-87.620,-96.053
19:38:29,-87.619,-96.052
19:38:39,-87.620,-96.052
19:38:49,-87.620,-96.052
19:38:59,-87.620,-96.053
19:39:09,-87.621,-96.053
19:39:19,-87.621,-96.053
19:39:29,-87.621,-96.052
19:39:39,-87.620,-96.053
19:39:49,-87.620,-96.053
19:39:59,-87.619,-96.053
19:40:09,-87.619,-96.053
19:40:19,-87.618,-96.052
19:40:29,-87.618,-96.053
19:40:39,-87.618,-96.053
19:40:49,-87.619,-96.053
19:40:59,-87.619,-96.052
19:41:09,-87.619,-96.052
19:41:19,-87.619,-96.052
19:41:29,-87.620,-96.051
19:41:39,-87.619,-96.051
19:41:49,-87.620,-96.051
19:41:59,-87.620,-96.051
19:42:09,-87.620,-96.052
19:42:19,-87.620,-96.053
19:42:29,-87.619,-96.053
19:42:39,-87.618,-96.052
19:42:49,-87.618,-96.052
19:42:59,-87.619,-96.052
19:43:09,-87.617,-96.052
19:43:19,-87.617,-96.052
19:43:29,-87.618,-96.052
19:43:40,-87.617,-96.052
19:43:50,-87.618,-96.052
19:44:00,-87.617,-96.053
19:44:10,-87.617,-96.053
19:44:20,-87.617,-96.052
19:44:30,-87.617,-96.052
19:44:40,-87.617,-96.053
19:44:50,-87.618,-96.053
19:45:00,-87.618,-96.054
19:45:10,-87.618,-96.054
19:45:20,-87.618,-96.054
19:45:30,-87.618,-96.055
19:45:40,-87.620,-96.054
19:45:50,-87.620,-96.054
19:46:00,-87.621,-96.055
19:46:10,-87.621,-96.055
19:46:20,-87.621,-96.054
19:46:30,-87.621,-96.054
19:46:40,-87.621,-96.055
19:46:50,-87.621,-96.055
19:47:00,-87.621,-96.055
19:47:10,-87.621,-96.055
19:47:20,-87.620,-96.056
19:47:30,-87.620,-96.056
19:47:40,-87.619,-96.057
19:47:50,-87.620,-96.057
19:48:00,-87.620,-96.057
19:48:10,-87.621,-96.057
19:48:20,-87.620,-96.056
19:48:30,-87.621,-96.056
19:48:40,-87.620,-96.055
19:48:51,-87.620,-96.056
19:49:01,-87.622,-96.055
19:49:11,-87.621,-96.055
19:49:21,-87.620,-96.055
19:49:31,-87.620,-96.054
19:49:41,-87.620,-96.054
19:49:51,-87.621,-96.054
19:50:01,-87.621,-96.054
19:50:11,-87.621,-96.054
19:50:21,-87.621,-96.054
19:50:31,-87.621,-96.054
19:50:41,-87.619,-96.054
19:50:51,-87.619,-96.054
19:51:01,-87.620,-96.054
19:51:11,-87.620,-96.054
19:51:21,-87.621,-96.053
19:51:31,-87.622,-96.054
19:51:41,-87.623,-96.054
19:51:51,-87.623,-96.053
19:52:01,-87.622,-96.054
19:52:11,-87.622,-96.053
19:52:21,-87.622,-96.054
19:52:31,-87.622,-96.054
19:52:41,-87.622,-96.053
19:52:51,-87.622,-96.053
19:53:01,-87.621,-96.053
19:53:11,-87.621,-96.054
19:53:21,-87.621,-96.054
19:53:31,-87.620,-96.055
19:53:41,-87.620,-96.055
19:53:51,-87.620,-96.055
19:54:01,-87.620,-96.056
19:54:11,-87.620,-96.055
19:54:21,-87.619,-96.055
19:54:31,-87.620,-96.055
19:54:42,-87.620,-96.055
19:54:52,-87.620,-96.056
19:55:02,-87.620,-96.055
19:55:12,-87.620,-96.056
19:55:22,-87.621,-96.055
19:55:32,-87.620,-96.056
19:55:42,-87.620,-96.056
19:55:52,-87.620,-96.057
19:56:02,-87.620,-96.056
19:56:12,-87.620,-96.056
19:56:22,-87.619,-96.057
19:56:32,-87.619,-96.057
19:56:42,-87.619,-96.057
19:56:52,-87.618,-96.057
19:57:02,-87.618,-96.056
19:57:12,-87.619,-96.057
19:57:22,-87.619,-96.057
19:57:32,-87.619,-96.057
19:57:42,-87.619,-96.057
19:57:52,-87.618,-96.056
19:58:02,-87.619,-96.057
19:58:12,-87.619,-96.057
19:58:22,-87.619,-96.056
19:58:32,-87.619,-96.057
19:58:42,-87.618,-96.057
19:58:52,-87.618,-96.057
19:59:02,-87.618,-96.057
19:59:12,-87.619,-96.057
19:59:22,-87.618,-96.057
19:59:32,-87.619,-96.057
19:59:42,-87.619,-96.057
19:59:53,-87.619,-96.057
20:00:03,-87.619,-96.057
20:00:13,-87.619,-96.058
20:00:23,-87.618,-96.058
20:00:33,-87.618,-96.058
20:00:43,-87.617,-96.059
20:00:53,-87.617,-96.058
20:01:03,-87.618,-96.059
20:01:13,-87.618,-96.058
20:01:23,-87.619,-96.058
20:01:33,-87.618,-96.058
20:01:43,-87.618,-96.058
20:01:53,-87.618,-96.058
20:02:03,-87.617,-96.058
20:02:13,-87.617,-96.058
20:02:23,-87.616,-96.059
20:02:33,-87.617,-96.058
20:02:43,-87.616,-96.058
20:02:53,-87.616,-96.059
20:03:03,-87.616,-96.059
20:03:13,-87.616,-96.059
20:03:23,-87.616,-96.058
20:03:33,-87.616,-96.058
20:03:43,-87.617,-96.059
20:03:53,-87.616,-96.058
20:04:03,-87.616,-96.059
20:04:13,-87.617,-96.058
20:04:23,-87.618,-96.059
20:04:33,-87.617,-96.059
20:04:43,-87.618,-96.059
20:04:53,-87.618,-96.059
20:05:03,-87.618,-96.058
20:05:13,-87.618,-96.058
20:05:23,-87.618,-96.058
20:05:33,-87.618,-96.058
20:05:43,-87.618,-96.058
20:05:53,-87.618,-96.058
20:06:03,-87.618,-96.059
20:06:14,-87.618,-96.059
20:06:24,-87.619,-96.059
20:06:34,-87.619,-96.060
20:06:44,-87.619,-96.059
20:06:54,-87.619,-96.059
20:07:04,-87.618,-96.059
20:07:14,-87.618,-96.059
20:07:24,-87.618,-96.059
20:07:34,-87.618,-96.059
20:07:44,-87.619,-96.060
20:07:54,-87.619,-96.059
20:08:04,-87.620,-96.060
20:08:14,-87.619,-96.060
20:08:24,-87.619,-96.060
20:08:34,-87.620,-96.060
20:08:44,-87.620,-96.059
20:08:54,-87.620,-96.060
20:09:04,-87.620,-96.059
20:09:14,-87.619,-96.060
20:09:24,-87.619,-96.059
20:09:34,-87.620,-96.059
20:09:44,-87.620,-96.059
20:09:54,-87.619,-96.059
20:10:04,-87.619,-96.059
20:10:14,-87.619,-96.059
20:10:24,-87.620,-96.058
20:10:34,-87.619,-96.058
20:10:44,-87.618,-96.058
20:10:54,-87.619,-96.057
20:11:04,-87.619,-96.057
20:11:14,-87.619,-96.058
20:11:24,-87.619,-96.057
20:11:34,-87.618,-96.058
20:11:44,-87.619,-96.058
20:11:54,-87.619,-96.059
20:12:04,-87.619,-96.058
20:12:14,-87.619,-96.058
20:12:25,-87.618,-96.058
20:12:35,-87.619,-96.058
20:12:45,-87.619,-96.058
20:12:55,-87.619,-96.059
20:13:05,-87.619,-96.059
20:13:15,-87.619,-96.058
20:13:25,-87.619,-96.059
20:13:35,-87.618,-96.059
20:13:45,-87.618,-96.060
20:13:55,-87.619,-96.060
20:14:05,-87.619,-96.059
20:14:15,-87.619,-96.059
20:14:25,-87.619,-96.059
20:14:35,-87.620,-96.059
20:14:45,-87.618,-96.059
20:14:55,-87.618,-96.059
20:15:05,-87.618,-96.060
20:15:15,-87.617,-96.060
20:15:25,-87.617,-96.060
20:15:35,-87.618,-96.060
20:15:45,-87.618,-96.059
20:15:55,-87.618,-96.059
20:16:05,-87.618,-96.060
20:16:15,-87.617,-96.060
20:16:25,-87.617,-96.061
20:16:35,-87.616,-96.061
20:16:45,-87.616,-96.061
20:16:55,-87.617,-96.061
20:17:05,-87.617,-96.061
20:17:15,-87.617,-96.061
20:17:25,-87.616,-96.061
20:17:35,-87.616,-96.061
20:17:45,-87.616,-96.060
20:17:56,-87.615,-96.059
20:18:06,-87.616,-96.059
20:18:16,-87.617,-96.059
20:18:26,-87.617,-96.059
20:18:36,-87.617,-96.059
20:18:46,-87.617,-96.059
20:18:56,-87.618,-96.059
20:19:06,-87.617,-96.059
20:19:16,-87.617,-96.059
20:19:26,-87.618,-96.060
20:19:36,-87.618,-96.059
20:19:46,-87.618,-96.059
20:19:56,-87.617,-96.059
20:20:06,-87.618,-96.059
20:20:16,-87.618,-96.059
20:20:26,-87.618,-96.060
20:20:36,-87.618,-96.060
20:20:46,-87.618,-96.060
20:20:56,-87.618,-96.060
20:21:06,-87.618,-96.061
20:21:16,-87.618,-96.061
20:21:26,-87.618,-96.061
20:21:36,-87.618,-96.061
20:21:46,-87.617,-96.061
20:21:56,-87.617,-96.060
20:22:06,-87.617,-96.060
20:22:16,-87.617,-96.060
20:22:26,-87.618,-96.060
20:22:36,-87.618,-96.060
20:22:46,-87.618,-96.060
20:22:56,-87.618,-96.061
20:23:07,-87.618,-96.061
20:23:17,-87.618,-96.060
20:23:27,-87.618,-96.061
20:23:37,-87.618,-96.061
20:23:47,-87.618,-96.061
20:23:57,-87.619,-96.061
20:24:07,-87.618,-96.061
20:24:17,-87.618,-96.061
20:24:27,-87.617,-96.062
20:24:37,-87.618,-96.062
20:24:47,-87.617,-96.062
20:24:57,-87.617,-96.062
20:25:07,-87.617,-96.062
20:25:17,-87.617,-96.062
20:25:27,-87.617,-96.062
20:25:37,-87.617,-96.062
20:25:47,-87.618,-96.063
20:25:57,-87.619,-96.063
20:26:07,-87.619,-96.064
20:26:17,-87.618,-96.064
20:26:27,-87.619,-96.065
20:26:37,-87.619,-96.064
20:26:47,-87.619,-96.064
20:26:57,-87.619,-96.064
20:27:07,-87.619,-96.063
20:27:17,-87.619,-96.064
20:27:27,-87.619,-96.063
20:27:37,-87.619,-96.063
20:27:47,-87.618,-96.063
20:27:57,-87.619,-96.063
20:28:07,-87.619,-96.063
20:28:17,-87.619,-96.064
20:28:27,-87.619,-96.063
20:28:37,-87.619,-96.063
20:28:47,-87.619,-96.063
20:28:57,-87.619,-96.063
20:29:07,-87.619,-96.063
20:29:17,-87.619,-96.063
20:29:27,-87.619,-96.063
20:29:38,-87.619,-96.062
20:29:48,-87.619,-96.062
20:29:58,-87.620,-96.062
20:30:08,-87.620,-96.062
20:30:18,-87.620,-96.062
20:30:28,-87.621,-96.062
20:30:38,-87.620,-96.063
20:30:48,-87.620,-96.063
20:30:58,-87.619,-96.063
20:31:08,-87.619,-96.063
20:31:18,-87.620,-96.064
20:31:28,-87.620,-96.064
20:31:38,-87.620,-96.064
20:31:48,-87.620,-96.065
20:31:58,-87.620,-96.064
20:32:08,-87.621,-96.065
20:32:18,-87.621,-96.065
20:32:28,-87.621,-96.065
20:32:38,-87.621,-96.065
20:32:48,-87.621,-96.065
20:32:58,-87.621,-96.065
20:33:08,-87.621,-96.065
20:33:18,-87.621,-96.064
20:33:28,-87.621,-96.064
20:33:38,-87.622,-96.064
20:33:48,-87.622,-96.064
20:33:58,-87.622,-96.064
20:34:08,-87.623,-96.065
20:34:18,-87.623,-96.065
20:34:28,-87.623,-96.065
20:34:38,-87.623,-96.064
20:34:48,-87.622,-96.065
20:34:58,-87.623,-96.065
20:35:08,-87.623,-96.065
20:35:18,-87.623,-96.065
20:35:28,-87.623,-96.065
20:35:38,-87.623,-96.066
20:35:49,-87.623,-96.065
20:35:59,-87.623,-96.065
20:36:09,-87.623,-96.065
20:36:19,-87.623,-96.065
20:36:29,-87.623,-96.065
20:36:39,-87.623,-96.065
20:36:49,-87.623,-96.066
20:36:59,-87.623,-96.066
20:37:09,-87.623,-96.066
20:37:19,-87.623,-96.066
20:37:29,-87.623,-96.067
20:37:39,-87.623,-96.067
20:37:49,-87.624,-96.067
20:37:59,-87.624,-96.067
20:38:09,-87.623,-96.067
20:38:19,-87.623,-96.067
20:38:29,-87.622,-96.066
20:38:39,-87.622,-96.067
20:38:49,-87.623,-96.067
20:38:59,-87.622,-96.067
20:39:09,-87.622,-96.067
20:39:19,-87.622,-96.067
20:39:29,-87.621,-96.067
20:39:39,-87.620,-96.067
20:39:49,-87.620,-96.067
20:39:59,-87.619,-96.066
20:40:09,-87.620,-96.066
20:40:19,-87.620,-96.066
20:40:29,-87.620,-96.067
20:40:39,-87.621,-96.067
20:40:49,-87.620,-96.067
20:40:59,-87.620,-96.067
20:41:09,-87.620,-96.066
20:41:19,-87.620,-96.066
20:41:29,-87.620,-96.067
20:41:39,-87.620,-96.067
20:41:50,-87.619,-96.067
20:42:00,-87.619,-96.066
20:42:10,-87.619,-96.066
20:42:20,-87.619,-96.066
20:42:30,-87.619,-96.067
20:42:40,-87.618,-96.066
20:42:50,-87.619,-96.065
20:43:00,-87.619,-96.066
20:43:10,-87.619,-96.066
20:43:20,-87.619,-96.065
20:43:30,-87.620,-96.066
20:43:40,-87.620,-96.065
20:43:50,-87.620,-96.065
20:44:00,-87.620,-96.065
20:44:10,-87.620,-96.065
20:44:20,-87.620,-96.066
20:44:30,-87.619,-96.065
20:44:40,-87.619,-96.066
20:44:50,-87.619,-96.067
20:45:00,-87.619,-96.067
20:45:10,-87.619,-96.067
20:45:20,-87.619,-96.067
20:45:30,-87.620,-96.067
20:45:40,-87.620,-96.067
20:45:50,-87.620,-96.067
20:46:00,-87.619,-96.067
20:46:10,-87.619,-96.067
20:46:20,-87.619,-96.068
20:46:30,-87.620,-96.068
20:46:40,-87.620,-96.068
20:46:50,-87.620,-96.067
20:47:00,-87.620,-96.067
20:47:10,-87.621,-96.067
20:47:20,-87.621,-96.067
20:47:31,-87.621,-96.066
20:47:41,-87.620,-96.066
20:47:51,-87.620,-96.066
20:48:01,-87.620,-96.066
20:48:11,-87.620,-96.066
20:48:21,-87.620,-96.067
20:48:31,-87.620,-96.067
20:48:41,-87.620,-96.067
20:48:51,-87.620,-96.067
20:49:01,-87.621,-96.067
20:49:11,-87.620,-96.066
20:49:21,-87.620,-96.066
20:49:31,-87.620,-96.066
20:49:41,-87.620,-96.065
20:49:51,-87.620,-96.066
20:50:01,-87.620,-96.065
20:50:11,-87.621,-96.065
20:50:21,-87.621,-96.065
20:50:31,-87.621,-96.065
20:50:41,-87.621,-96.065
20:50:51,-87.620,-96.066
20:51:01,-87.620,-96.066
20:51:11,-87.620,-96.066
20:51:21,-87.620,-96.066
20:51:31,-87.620,-96.065
20:51:41,-87.620,-96.065
20:51:51,-87.620,-96.065
20:52:01,-87.620,-96.065
20:52:11,-87.620,-96.065
20:52:21,-87.621,-96.066
20:52:31,-87.621,-96.066
20:52:41,-87.622,-96.066
20:52:52,-87.622,-96.066
20:53:02,-87.621,-96.066
20:53:12,-87.621,-96.067
20:53:22,-87.621,-96.067
20:53:32,-87.621,-96.066
20:53:42,-87.620,-96.067
20:53:52,-87.620,-96.066
20:54:02,-87.620,-96.067
20:54:12,-87.620,-96.066
20:54:22,-87.620,-96.067
20:54:32,-87.620,-96.067
20:54:42,-87.621,-96.066
20:54:52,-87.621,-96.066
20:55:02,-87.621,-96.066
20:55:12,-87.621,-96.066
20:55:22,-87.621,-96.066
20:55:32,-87.621,-96.066
20:55:42,-87.621,-96.066
20:55:52,-87.621,-96.066
20:56:02,-87.621,-96.065
20:56:12,-87.621,-96.066
20:56:22,-87.621,-96.066
20:56:32,-87.621,-96.066
20:56:42,-87.621,-96.066
20:56:52,-87.621,-96.066
20:57:02,-87.621,-96.066
20:57:12,-87.621,-96.066
20:57:22,-87.621,-96.066
20:57:32,-87.621,-96.066
20:57:42,-87.621,-96.066
20:57:52,-87.622,-96.067
20:58:02,-87.622,-96.066
20:58:12,-87.622,-96.066
20:58:22,-87.623,-96.066
20:58:33,-87.623,-96.066
20:58:43,-87.623,-96.066
20:58:53,-87.623,-96.066
20:59:03,-87.623,-96.067
20:59:13,-87.622,-96.067
20:59:23,-87.622,-96.067
20:59:33,-87.622,-96.067
20:59:43,-87.622,-96.067
20:59:53,-87.622,-96.067
21:00:03,-87.622,-96.066
21:00:13,-87.622,-96.065
21:00:23,-87.621,-96.066
21:00:33,-87.621,-96.066
21:00:43,-87.621,-96.066
21:00:53,-87.621,-96.066
21:01:03,-87.621,-96.065
21:01:13,-87.621,-96.065
21:01:23,-87.621,-96.065
21:01:33,-87.621,-96.065
21:01:43,-87.622,-96.065
21:01:53,-87.622,-96.065
21:02:03,-87.622,-96.065
21:02:13,-87.622,-96.065
21:02:23,-87.622,-96.065
21:02:33,-87.622,-96.065
21:02:43,-87.622,-96.065
21:02:53,-87.622,-96.065
21:03:03,-87.622,-96.065
21:03:13,-87.622,-96.066
21:03:23,-87.622,-96.065
21:03:33,-87.622,-96.065
21:03:43,-87.623,-96.065
21:03:53,-87.623,-96.065
21:04:04,-87.623,-96.066
21:04:14,-87.624,-96.066
21:04:24,-87.625,-96.066
21:04:34,-87.625,-96.066
21:04:44,-87.625,-96.066
21:04:54,-87.625,-96.066
21:05:04,-87.624,-96.066
21:05:14,-87.624,-96.066
21:05:24,-87.624,-96.065
21:05:34,-87.623,-96.065
21:05:44,-87.623,-96.065
21:05:54,-87.623,-96.065
21:06:04,-87.623,-96.065
21:06:14,-87.623,-96.064
21:06:24,-87.623,-96.064
21:06:34,-87.623,-96.064
21:06:44,-87.624,-96.065
21:06:54,-87.624,-96.065
21:07:04,-87.624,-96.065
21:07:14,-87.624,-96.065
21:07:24,-87.624,-96.065
21:07:34,-87.624,-96.065
21:07:44,-87.624,-96.065
21:07:54,-87.624,-96.065
21:08:04,-87.624,-96.065
21:08:14,-87.624,-96.065
21:08:24,-87.624,-96.065
21:08:34,-87.624,-96.064
21:08:44,-87.624,-96.064
21:08:54,-87.624,-96.064
21:09:04,-87.624,-96.064
21:09:14,-87.624,-96.064
21:09:24,-87.624,-96.063
21:09:35,-87.624,-96.063
21:09:45,-87.624,-96.063
21:09:55,-87.624,-96.063
21:10:05,-87.623,-96.062
21:10:15,-87.623,-96.062
21:10:25,-87.623,-96.063
21:10:35,-87.623,-96.062
21:10:45,-87.622,-96.062
21:10:55,-87.622,-96.062
21:11:05,-87.622,-96.062
21:11:15,-87.622,-96.062
21:11:25,-87.622,-96.062
21:11:35,-87.622,-96.063
21:11:45,-87.622,-96.063
21:11:55,-87.621,-96.063
21:12:05,-87.620,-96.063
21:12:15,-87.621,-96.063
21:12:25,-87.621,-96.063
21:12:35,-87.621,-96.063
21:12:45,-87.621,-96.062
21:12:55,-87.622,-96.062
21:13:05,-87.622,-96.062
21:13:15,-87.623,-96.063
21:13:25,-87.623,-96.063
21:13:35,-87.623,-96.062
21:13:45,-87.623,-96.062
21:13:55,-87.623,-96.063
21:14:05,-87.623,-96.062
21:14:15,-87.623,-96.063
21:14:25,-87.623,-96.062
21:14:35,-87.623,-96.062
21:14:45,-87.623,-96.062
21:14:55,-87.623,-96.062
21:15:05,-87.623,-96.063
21:15:15,-87.624,-96.063
21:15:26,-87.624,-96.063
21:15:36,-87.624,-96.063
21:15:46,-87.625,-96.063
21:15:56,-87.624,-96.063
21:16:06,-87.624,-96.063
21:16:16,-87.625,-96.063
21:16:26,-87.625,-96.063
21:16:36,-87.624,-96.063
21:16:46,-87.623,-96.063
21:16:56,-87.624,-96.063
21:17:06,-87.624,-96.063
21:17:16,-87.623,-96.063
21:17:26,-87.624,-96.063
21:17:36,-87.624,-96.063
21:17:46,-87.624,-96.063
21:17:56,-87.625,-96.063
21:18:06,-87.625,-96.063
21:18:16,-87.625,-96.062
21:18:26,-87.625,-96.062
21:18:36,-87.625,-96.062
21:18:46,-87.625,-96.062
21:18:56,-87.626,-96.062
21:19:06,-87.625,-96.062
21:19:16,-87.626,-96.062
21:19:26,-87.626,-96.062
21:19:36,-87.626,-96.062
21:19:46,-87.626,-96.062
21:19:56,-87.626,-96.062
21:20:06,-87.626,-96.062
21:20:16,-87.626,-96.062
21:20:26,-87.625,-96.062
21:20:37,-87.625,-96.062
21:20:47,-87.625,-96.063
21:20:57,-87.624,-96.063
21:21:07,-87.625,-96.063
21:21:17,-87.625,-96.063
21:21:27,-87.625,-96.063
21:21:37,-87.625,-96.063
21:21:47,-87.625,-96.063
21:21:57,-87.624,-96.063
21:22:07,-87.625,-96.063
21:22:17,-87.625,-96.063
21:22:27,-87.625,-96.063
21:22:37,-87.625,-96.064
21:22:47,-87.625,-96.064
21:22:57,-87.626,-96.063
21:23:07,-87.625,-96.064
21:23:17,-87.625,-96.064
21:23:27,-87.625,-96.064
21:23:37,-87.625,-96.064
21:23:47,-87.625,-96.064
21:23:57,-87.625,-96.064
21:24:07,-87.625,-96.064
21:24:17,-87.625,-96.064
21:24:27,-87.626,-96.064
21:24:37,-87.626,-96.063
21:24:47,-87.626,-96.063
21:24:57,-87.626,-96.063
21:25:07,-87.626,-96.063
21:25:17,-87.626,-96.063
21:25:27,-87.626,-96.063
21:25:37,-87.626,-96.063
21:25:47,-87.626,-96.063
21:25:57,-87.626,-96.063
21:26:08,-87.626,-96.063
21:26:18,-87.626,-96.063
21:26:28,-87.626,-96.063
21:26:38,-87.626,-96.063
21:26:48,-87.625,-96.063
21:26:58,-87.625,-96.062
21:27:08,-87.625,-96.062
21:27:18,-87.625,-96.062
21:27:28,-87.625,-96.062
21:27:38,-87.625,-96.062
21:27:48,-87.625,-96.062
21:27:58,-87.625,-96.063
21:28:08,-87.624,-96.063
21:28:18,-87.625,-96.063
21:28:28,-87.625,-96.062
21:28:38,-87.625,-96.062
21:28:48,-87.625,-96.063
21:28:58,-87.625,-96.063
21:29:08,-87.624,-96.063
21:29:18,-87.624,-96.063
21:29:28,-87.624,-96.062
21:29:38,-87.624,-96.063
21:29:48,-87.624,-96.063
21:29:58,-87.624,-96.063
21:30:08,-87.624,-96.062
21:30:18,-87.624,-96.062
21:30:28,-87.624,-96.062
21:30:38,-87.624,-96.062
21:30:48,-87.625,-96.062
21:30:58,-87.625,-96.062
21:31:08,-87.625,-96.062
21:31:18,-87.625,-96.062
21:31:28,-87.625,-96.062
21:31:38,-87.625,-96.062
21:31:48,-87.624,-96.062
21:31:58,-87.624,-96.062
21:32:08,-87.624,-96.062
21:32:18,-87.624,-96.063
21:32:28,-87.624,-96.062
21:32:38,-87.624,-96.062
21:32:49,-87.624,-96.062
21:32:59,-87.624,-96.063
21:33:09,-87.624,-96.063
21:33:19,-87.624,-96.062
21:33:29,-87.623,-96.063
21:33:39,-87.624,-96.063
21:33:49,-87.623,-96.063
21:33:59,-87.623,-96.063
21:34:09,-87.623,-96.063
21:34:19,-87.624,-96.063
21:34:29,-87.624,-96.063
21:34:39,-87.624,-96.063
21:34:49,-87.624,-96.063
21:34:59,-87.624,-96.063
21:35:09,-87.624,-96.063
21:35:19,-87.624,-96.063
21:35:29,-87.625,-96.063
21:35:39,-87.625,-96.063
21:35:49,-87.625,-96.063
21:35:59,-87.625,-96.063
21:36:09,-87.625,-96.063
21:36:19,-87.625,-96.064
21:36:29,-87.625,-96.063
21:36:39,-87.625,-96.063
21:36:49,-87.625,-96.064
21:36:59,-87.626,-96.063
21:37:09,-87.626,-96.064
21:37:19,-87.626,-96.064
21:37:29,-87.626,-96.064
21:37:39,-87.627,-96.064
21:37:49,-87.627,-96.064
21:37:59,-87.627,-96.064
21:38:09,-87.626,-96.063
21:38:20,-87.626,-96.063
21:38:30,-87.626,-96.064
21:38:40,-87.626,-96.064
21:38:50,-87.625,-96.064
21:39:00,-87.625,-96.065
21:39:10,-87.625,-96.065
21:39:20,-87.625,-96.065
21:39:30,-87.625,-96.065
21:39:40,-87.624,-96.065
21:39:50,-87.624,-96.065
21:40:00,-87.624,-96.066
21:40:10,-87.624,-96.066
21:40:20,-87.624,-96.066
21:40:30,-87.624,-96.066
21:40:40,-87.624,-96.066
21:40:50,-87.624,-96.066
21:41:00,-87.624,-96.065
21:41:10,-87.624,-96.065
21:41:20,-87.623,-96.065
21:41:30,-87.623,-96.065
21:41:40,-87.623,-96.065
21:41:50,-87.623,-96.065
21:42:00,-87.623,-96.065
21:42:10,-87.623,-96.065
21:42:20,-87.623,-96.065
21:42:30,-87.623,-96.065
21:42:40,-87.623,-96.065
21:42:50,-87.623,-96.065
21:43:00,-87.623,-96.065
21:43:10,-87.623,-96.065
21:43:20,-87.623,-96.065
21:43:30,-87.623,-96.065
21:43:40,-87.623,-96.064
21:43:50,-87.624,-96.064
21:44:01,-87.624,-96.064
21:44:11,-87.623,-96.064
21:44:21,-87.623,-96.064
21:44:31,-87.623,-96.064
21:44:41,-87.623,-96.064
21:44:51,-87.623,-96.065
21:45:01,-87.623,-96.065
21:45:11,-87.623,-96.065
21:45:21,-87.624,-96.065
21:45:31,-87.623,-96.065
21:45:41,-87.624,-96.065
21:45:51,-87.623,-96.065
21:46:01,-87.623,-96.065
21:46:11,-87.623,-96.065
21:46:21,-87.623,-96.065
21:46:31,-87.623,-96.065
21:46:41,-87.623,-96.064
21:46:51,-87.623,-96.064
21:47:01,-87.623,-96.065
21:47:11,-87.623,-96.065
21:47:21,-87.623,-96.065
21:47:31,-87.623,-96.065
21:47:41,-87.624,-96.065
21:47:51,-87.624,-96.065
21:48:01,-87.624,-96.065
21:48:11,-87.624,-96.065
21:48:21,-87.624,-96.065
21:48:31,-87.624,-96.065
21:48:41,-87.625,-96.064
21:48:51,-87.625,-96.064
21:49:01,-87.625,-96.064
21:49:12,-87.625,-96.065
21:49:22,-87.625,-96.065
21:49:32,-87.625,-96.065
21:49:42,-87.625,-96.065
21:49:52,-87.625,-96.065
21:50:02,-87.625,-96.065
21:50:12,-87.625,-96.065
21:50:22,-87.625,-96.065
21:50:32,-87.626,-96.065
21:50:42,-87.625,-96.065
21:50:52,-87.625,-96.065
21:51:02,-87.625,-96.065
21:51:12,-87.625,-96.065
21:51:22,-87.625,-96.065
21:51:32,-87.625,-96.065
21:51:42,-87.625,-96.065
21:51:52,-87.625,-96.065
21:52:02,-87.625,-96.065
21:52:12,-87.625,-96.065
21:52:22,-87.625,-96.065
21:52:32,-87.625,-96.064
21:52:42,-87.625,-96.065
21:52:52,-87.624,-96.065
21:53:02,-87.624,-96.065
21:53:12,-87.625,-96.065
21:53:22,-87.625,-96.065
21:53:32,-87.624,-96.065
21:53:42,-87.624,-96.065
21:53:52,-87.624,-96.065
21:54:02,-87.624,-96.065
21:54:12,-87.624,-96.065
21:54:22,-87.624,-96.065
21:54:32,-87.624,-96.065
21:54:42,-87.624,-96.065
21:54:52,-87.624,-96.065
21:55:02,-87.624,-96.065
21:55:13,-87.624,-96.065
21:55:23,-87.623,-96.065
21:55:33,-87.623,-96.065
21:55:43,-87.623,-96.065
21:55:53,-87.623,-96.065
21:56:03,-87.623,-96.064
21:56:13,-87.623,-96.064
21:56:23,-87.624,-96.064
21:56:33,-87.624,-96.065
21:56:43,-87.624,-96.065
21:56:53,-87.623,-96.064
21:57:03,-87.623,-96.064
21:57:13,-87.623,-96.064
21:57:23,-87.623,-96.064
21:57:33,-87.623,-96.064
21:57:43,-87.623,-96.064
21:57:53,-87.623,-96.064
21:58:03,-87.623,-96.064
21:58:13,-87.624,-96.064
21:58:23,-87.624,-96.064
21:58:33,-87.624,-96.064
21:58:43,-87.624,-96.064
21:58:53,-87.624,-96.064
21:59:03,-87.624,-96.064
21:59:13,-87.623,-96.065
21:59:23,-87.623,-96.065
21:59:33,-87.623,-96.065
21:59:43,-87.623,-96.065
21:59:53,-87.622,-96.065
22:00:03,-87.622,-96.065
22:00:13,-87.623,-96.065
22:00:24,-87.623,-96.065
22:00:34,-87.623,-96.065
22:00:44,-87.623,-96.065
22:00:54,-87.623,-96.066
22:01:04,-87.623,-96.065
22:01:14,-87.624,-96.066
22:01:24,-87.624,-96.065
22:01:34,-87.624,-96.066
22:01:44,-87.623,-96.065
22:01:54,-87.623,-96.065
22:02:04,-87.623,-96.065
22:02:14,-87.623,-96.065
22:02:24,-87.623,-96.065
22:02:34,-87.623,-96.065
22:02:44,-87.624,-96.065
22:02:54,-87.623,-96.065
22:03:04,-87.624,-96.065
22:03:14,-87.624,-96.065
22:03:24,-87.624,-96.066
22:03:34,-87.624,-96.066
22:03:44,-87.624,-96.066
22:03:54,-87.624,-96.066
22:04:04,-87.624,-96.065
22:04:14,-87.624,-96.065
22:04:24,-87.624,-96.065
22:04:34,-87.624,-96.065
22:04:44,-87.624,-96.065
22:04:54,-87.624,-96.066
22:05:04,-87.623,-96.066
22:05:14,-87.623,-96.066
22:05:24,-87.623,-96.066
22:05:35,-87.623,-96.065
22:05:45,-87.624,-96.065
22:05:55,-87.624,-96.066
22:06:05,-87.624,-96.066
22:06:15,-87.625,-96.066
22:06:25,-87.625,-96.066
22:06:35,-87.625,-96.066
22:06:45,-87.624,-96.065
22:06:55,-87.624,-96.066
22:07:05,-87.624,-96.066
22:07:15,-87.624,-96.066
22:07:25,-87.625,-96.065
22:07:35,-87.624,-96.065
22:07:45,-87.624,-96.065
22:07:55,-87.624,-96.065
22:08:05,-87.624,-96.065
22:08:15,-87.624,-96.065
22:08:25,-87.624,-96.065
22:08:35,-87.624,-96.065
22:08:45,-87.624,-96.065
22:08:55,-87.624,-96.065
22:09:05,-87.624,-96.065
22:09:15,-87.624,-96.065
22:09:25,-87.624,-96.065
22:09:35,-87.624,-96.065
22:09:45,-87.624,-96.065
22:09:55,-87.624,-96.065
22:10:05,-87.625,-96.065
22:10:15,-87.624,-96.064
22:10:25,-87.625,-96.064
22:10:35,-87.624,-96.064
22:10:45,-87.624,-96.064
22:10:56,-87.624,-96.065
22:11:06,-87.625,-96.065
22:11:16,-87.625,-96.065
22:11:26,-87.624,-96.065
22:11:36,-87.624,-96.065
22:11:46,-87.624,-96.065
22:11:56,-87.624,-96.064
22:12:06,-87.624,-96.064
22:12:16,-87.623,-96.064
22:12:26,-87.623,-96.064
22:12:36,-87.623,-96.064
22:12:46,-87.623,-96.063
22:12:56,-87.623,-96.063
22:13:06,-87.623,-96.063
22:13:16,-87.623,-96.063
22:13:26,-87.623,-96.063
22:13:36,-87.622,-96.064
22:13:46,-87.623,-96.063
22:13:56,-87.623,-96.063
22:14:06,-87.623,-96.063
22:14:16,-87.623,-96.064
22:14:26,-87.623,-96.064
22:14:36,-87.623,-96.064
22:14:46,-87.623,-96.064
22:14:56,-87.623,-96.064
22:15:06,-87.623,-96.064
22:15:16,-87.623,-96.064
22:15:26,-87.623,-96.064
22:15:36,-87.623,-96.065
22:15:46,-87.623,-96.065
22:15:56,-87.624,-96.064
22:16:06,-87.624,-96.065
22:16:16,-87.624,-96.065
22:16:27,-87.624,-96.064
22:16:37,-87.624,-96.064
22:16:47,-87.624,-96.065
22:16:57,-87.624,-96.064
22:17:07,-87.624,-96.064
22:17:17,-87.624,-96.064
22:17:27,-87.623,-96.064
22:17:37,-87.624,-96.064
22:17:47,-87.624,-96.064
22:17:57,-87.623,-96.064
22:18:07,-87.623,-96.064
22:18:17,-87.623,-96.064
22:18:27,-87.623,-96.064
22:18:37,-87.623,-96.064
22:18:47,-87.623,-96.064
22:18:57,-87.622,-96.064
22:19:07,-87.622,-96.064
22:19:17,-87.622,-96.064
22:19:27,-87.622,-96.064
22:19:37,-87.622,-96.064
22:19:47,-87.622,-96.064
22:19:57,-87.622,-96.064
22:20:07,-87.622,-96.064
22:20:17,-87.622,-96.064
22:20:27,-87.622,-96.064
22:20:37,-87.622,-96.064
22:20:47,-87.622,-96.064
22:20:57,-87.622,-96.065
22:21:07,-87.622,-96.065
22:21:17,-87.623,-96.065
22:21:27,-87.623,-96.065
22:21:37,-87.623,-96.065
22:21:47,-87.623,-96.065
22:21:58,-87.622,-96.065
22:22:08,-87.622,-96.065
22:22:18,-87.622,-96.065
22:22:28,-87.622,-96.065
22:22:38,-87.622,-96.065
22:22:48,-87.622,-96.065
22:22:58,-87.622,-96.065
22:23:08,-87.622,-96.066
22:23:18,-87.621,-96.065
22:23:28,-87.622,-96.066
22:23:38,-87.621,-96.066
22:23:48,-87.621,-96.066
22:23:58,-87.621,-96.066
22:24:08,-87.621,-96.066
22:24:18,-87.621,-96.066
22:24:28,-87.621,-96.066
22:24:38,-87.622,-96.065
22:24:48,-87.622,-96.066
22:24:58,-87.622,-96.065
22:25:08,-87.622,-96.066
22:25:18,-87.622,-96.066
22:25:28,-87.622,-96.066
22:25:38,-87.622,-96.066
22:25:48,-87.622,-96.066
22:25:58,-87.622,-96.066
22:26:08,-87.622,-96.066
22:26:18,-87.622,-96.065
22:26:28,-87.622,-96.065
22:26:38,-87.622,-96.065
22:26:48,-87.622,-96.065
22:26:58,-87.622,-96.065
22:27:08,-87.622,-96.065
22:27:18,-87.622,-96.065
22:27:28,-87.622,-96.065
22:27:38,-87.622,-96.065
22:27:48,-87.622,-96.064
22:27:59,-87.622,-96.064
22:28:09,-87.622,-96.064
22:28:19,-87.622,-96.064
22:28:29,-87.622,-96.064
22:28:39,-87.621,-96.064
22:28:49,-87.622,-96.064
22:28:59,-87.622,-96.064
22:29:09,-87.622,-96.064
22:29:19,-87.622,-96.065
22:29:29,-87.622,-96.064
22:29:39,-87.622,-96.065
22:29:49,-87.622,-96.065
22:29:59,-87.622,-96.065
22:30:09,-87.623,-96.065
22:30:19,-87.622,-96.065
22:30:29,-87.622,-96.065
22:30:39,-87.622,-96.065
22:30:49,-87.622,-96.065
22:30:59,-87.622,-96.065
22:31:09,-87.622,-96.065
22:31:19,-87.622,-96.065
22:31:29,-87.622,-96.065
22:31:39,-87.622,-96.064
22:31:49,-87.622,-96.064
22:31:59,-87.622,-96.064
22:32:09,-87.622,-96.065
22:32:19,-87.622,-96.064
22:32:29,-87.621,-96.064
22:32:39,-87.621,-96.064
22:32:49,-87.621,-96.064
22:32:59,-87.621,-96.064
22:33:09,-87.621,-96.064
22:33:19,-87.621,-96.064
22:33:29,-87.621,-96.064
22:33:40,-87.621,-96.064
22:33:50,-87.621,-96.064
22:34:00,-87.621,-96.064
22:34:10,-87.622,-96.064
22:34:20,-87.621,-96.063
22:34:30,-87.621,-96.063
22:34:40,-87.621,-96.064
22:34:50,-87.621,-96.064
22:35:00,-87.621,-96.063
22:35:10,-87.621,-96.063
22:35:20,-87.621,-96.063
22:35:30,-87.621,-96.063
22:35:40,-87.621,-96.063
22:35:50,-87.621,-96.063
22:36:00,-87.621,-96.063
22:36:10,-87.621,-96.062
22:36:20,-87.621,-96.062
22:36:30,-87.621,-96.062
22:36:40,-87.621,-96.062
22:36:50,-87.622,-96.062
22:37:00,-87.621,-96.062
22:37:10,-87.621,-96.062
22:37:20,-87.621,-96.062
22:37:30,-87.621,-96.062
22:37:40,-87.621,-96.062
22:37:50,-87.621,-96.062
22:38:00,-87.621,-96.062
22:38:10,-87.621,-96.062
22:38:20,-87.621,-96.061
22:38:30,-87.621,-96.061
22:38:40,-87.621,-96.062
22:38:50,-87.621,-96.062
22:39:00,-87.620,-96.061
22:39:10,-87.620,-96.061
22:39:20,-87.620,-96.062
22:39:30,-87.620,-96.061
22:39:41,-87.620,-96.061
22:39:51,-87.620,-96.061
22:40:01,-87.620,-96.061
22:40:11,-87.620,-96.061
22:40:21,-87.619,-96.061
22:40:31,-87.620,-96.061
22:40:41,-87.619,-96.061
22:40:51,-87.619,-96.061
22:41:01,-87.619,-96.061
22:41:11,-87.619,-96.061
22:41:21,-87.619,-96.061
22:41:31,-87.618,-96.061
22:41:41,-87.618,-96.061
22:41:51,-87.618,-96.061
22:42:01,-87.618,-96.061
22:42:11,-87.618,-96.061
22:42:21,-87.618,-96.061
22:42:31,-87.618,-96.061
22:42:41,-87.617,-96.061
22:42:51,-87.617,-96.061
22:43:01,-87.617,-96.061
22:43:11,-87.617,-96.060
22:43:21,-87.617,-96.060
22:43:31,-87.617,-96.060
22:43:41,-87.617,-96.060
22:43:51,-87.618,-96.060
22:44:01,-87.618,-96.060
22:44:11,-87.618,-96.060
22:44:21,-87.618,-96.060
22:44:31,-87.618,-96.059
22:44:41,-87.618,-96.059
22:44:51,-87.617,-96.059
22:45:01,-87.617,-96.059
22:45:12,-87.617,-96.059
22:45:22,-87.617,-96.059
22:45:32,-87.617,-96.059
22:45:42,-87.617,-96.059
22:45:52,-87.617,-96.059
22:46:02,-87.617,-96.059
22:46:12,-87.617,-96.059
22:46:22,-87.617,-96.059
22:46:32,-87.617,-96.059
22:46:42,-87.617,-96.059
22:46:52,-87.617,-96.058
22:47:02,-87.617,-96.059
22:47:12,-87.617,-96.058
22:47:22,-87.617,-96.058
22:47:32,-87.617,-96.058
22:47:42,-87.617,-96.058
22:47:52,-87.617,-96.058
22:48:02,-87.617,-96.058
22:48:12,-87.617,-96.058
22:48:22,-87.617,-96.058
22:48:32,-87.618,-96.057
22:48:42,-87.618,-96.058
22:48:52,-87.617,-96.058
22:49:02,-87.617,-96.057
22:49:12,-87.617,-96.058
22:49:22,-87.617,-96.058
22:49:32,-87.617,-96.058
22:49:42,-87.617,-96.057
22:49:52,-87.617,-96.058
22:50:02,-87.617,-96.057
22:50:12,-87.617,-96.057
22:50:22,-87.617,-96.057
22:50:32,-87.618,-96.057
22:50:43,-87.618,-96.057
22:50:53,-87.618,-96.057
22:51:03,-87.618,-96.057
22:51:13,-87.618,-96.057
22:51:23,-87.618,-96.057
22:51:33,-87.618,-96.057
22:51:43,-87.618,-96.057
22:51:53,-87.618,-96.057
22:52:03,-87.618,-96.057
22:52:13,-87.618,-96.057
22:52:23,-87.618,-96.057
22:52:33,-87.618,-96.057
22:52:43,-87.618,-96.057
22:52:53,-87.618,-96.057
22:53:03,-87.618,-96.057
22:53:13,-87.618,-96.057
22:53:23,-87.618,-96.057
22:53:33,-87.619,-96.056
22:53:43,-87.619,-96.057
22:53:53,-87.619,-96.057
22:54:03,-87.619,-96.057
22:54:13,-87.619,-96.056
22:54:23,-87.619,-96.056
22:54:33,-87.619,-96.056
22:54:43,-87.619,-96.056
22:54:53,-87.619,-96.056
22:55:03,-87.619,-96.056
22:55:13,-87.619,-96.056
22:55:23,-87.618,-96.056
22:55:33,-87.618,-96.056
22:55:43,-87.618,-96.056
22:55:53,-87.618,-96.056
22:56:03,-87.618,-96.056
22:56:13,-87.619,-96.056
22:56:23,-87.619,-96.056
22:56:33,-87.618,-96.056
22:56:44,-87.619,-96.056
22:56:54,-87.619,-96.056
22:57:04,-87.619,-96.056
22:57:14,-87.618,-96.056
22:57:24,-87.618,-96.056
22:57:34,-87.618,-96.056
22:57:44,-87.618,-96.056
22:57:54,-87.618,-96.056
22:58:04,-87.618,-96.056
22:58:14,-87.618,-96.056
22:58:24,-87.618,-96.056
22:58:34,-87.617,-96.056
22:58:44,-87.617,-96.056
22:58:54,-87.617,-96.056
22:59:04,-87.617,-96.055
22:59:14,-87.617,-96.055
22:59:24,-87.617,-96.055
22:59:34,-87.618,-96.055
22:59:44,-87.617,-96.055
22:59:54,-87.617,-96.055
23:00:04,-87.617,-96.055
23:00:14,-87.618,-96.056
23:00:24,-87.618,-96.056
23:00:34,-87.618,-96.056
23:00:44,-87.618,-96.056
23:00:54,-87.618,-96.056
23:01:04,-87.618,-96.056
23:01:14,-87.618,-96.056
23:01:24,-87.618,-96.056
23:01:34,-87.618,-96.056
23:01:44,-87.618,-96.056
23:01:54,-87.618,-96.056
23:02:05,-87.618,-96.055
23:02:15,-87.618,-96.055
23:02:25,-87.618,-96.055
23:02:35,-87.618,-96.055
23:02:45,-87.618,-96.055
23:02:55,-87.618,-96.055
23:03:05,-87.618,-96.055
23:03:15,-87.618,-96.055
23:03:25,-87.618,-96.055
23:03:35,-87.619,-96.054
23:03:45,-87.619,-96.055
23:03:55,-87.618,-96.054
23:04:05,-87.618,-96.055
23:04:15,-87.618,-96.054
23:04:25,-87.618,-96.054
23:04:35,-87.618,-96.054
23:04:45,-87.618,-96.054
23:04:55,-87.618,-96.054
23:05:05,-87.618,-96.054
23:05:15,-87.618,-96.053
23:05:25,-87.618,-96.054
23:05:35,-87.618,-96.053
23:05:45,-87.618,-96.053
23:05:55,-87.617,-96.053
23:06:05,-87.617,-96.053
23:06:15,-87.618,-96.053
23:06:25,-87.618,-96.053
23:06:35,-87.618,-96.053
23:06:45,-87.618,-96.053
23:06:55,-87.618,-96.053
23:07:05,-87.617,-96.053
23:07:15,-87.617,-96.053
23:07:25,-87.617,-96.052
23:07:36,-87.617,-96.053
23:07:45,-87.617,-96.053
23:07:56,-87.617,-96.053
23:08:06,-87.617,-96.052
23:08:16,-87.617,-96.052
23:08:26,-87.617,-96.053
23:08:36,-87.617,-96.053
23:08:46,-87.617,-96.053
23:08:56,-87.618,-96.053
23:09:06,-87.618,-96.053
23:09:16,-87.618,-96.053
23:09:26,-87.617,-96.052
23:09:36,-87.617,-96.053
23:09:46,-87.617,-96.053
23:09:56,-87.618,-96.053
23:10:06,-87.618,-96.053
23:10:16,-87.618,-96.053
23:10:26,-87.618,-96.053
23:10:36,-87.618,-96.052
23:10:46,-87.618,-96.053
23:10:56,-87.618,-96.053
23:11:06,-87.618,-96.053
23:11:16,-87.618,-96.053
23:11:26,-87.618,-96.053
23:11:36,-87.618,-96.053
23:11:46,-87.618,-96.053
23:11:56,-87.618,-96.053
23:12:06,-87.618,-96.053
23:12:16,-87.618,-96.053
23:12:26,-87.618,-96.053
23:12:36,-87.618,-96.053
23:12:46,-87.618,-96.053
23:12:56,-87.618,-96.053
23:13:06,-87.618,-96.053
23:13:16,-87.618,-96.053
23:13:26,-87.618,-96.053
23:13:36,-87.618,-96.053
23:13:47,-87.618,-96.053
23:13:57,-87.618,-96.053
23:14:07,-87.619,-96.053
23:14:17,-87.619,-96.053
23:14:27,-87.618,-96.053
23:14:37,-87.619,-96.053
23:14:47,-87.618,-96.053
23:14:57,-87.618,-96.054
23:15:07,-87.618,-96.054
23:15:17,-87.618,-96.054
23:15:27,-87.619,-96.053
23:15:37,-87.618,-96.053
23:15:47,-87.619,-96.053
23:15:57,-87.619,-96.053
23:16:07,-87.619,-96.053
23:16:17,-87.619,-96.053
23:16:27,-87.619,-96.053
23:16:37,-87.618,-96.053
23:16:47,-87.618,-96.053
23:16:57,-87.618,-96.053
23:17:07,-87.618,-96.053
23:17:17,-87.618,-96.053
23:17:27,-87.618,-96.053
23:17:37,-87.618,-96.053
23:17:47,-87.618,-96.053
23:17:57,-87.618,-96.053
23:18:07,-87.618,-96.053
23:18:17,-87.618,-96.053
23:18:27,-87.618,-96.053
23:18:37,-87.618,-96.053
23:18:47,-87.618,-96.053
23:18:58,-87.618,-96.053
23:19:08,-87.618,-96.053
23:19:18,-87.618,-96.053
23:19:28,-87.618,-96.053
23:19:38,-87.618,-96.053
23:19:48,-87.618,-96.053
23:19:58,-87.618,-96.053
23:20:08,-87.618,-96.053
23:20:18,-87.618,-96.053
23:20:28,-87.618,-96.053
23:20:38,-87.618,-96.053
23:20:48,-87.618,-96.053
23:20:58,-87.618,-96.053
23:21:08,-87.618,-96.053
23:21:18,-87.618,-96.054
23:21:28,-87.618,-96.054
23:21:38,-87.618,-96.053
23:21:48,-87.618,-96.053
23:21:58,-87.618,-96.054
23:22:08,-87.618,-96.054
23:22:18,-87.617,-96.053
23:22:28,-87.617,-96.053
23:22:38,-87.617,-96.053
23:22:48,-87.617,-96.053
23:22:58,-87.617,-96.053
23:23:08,-87.617,-96.053
23:23:18,-87.617,-96.053
23:23:28,-87.617,-96.053
23:23:38,-87.617,-96.053
23:23:48,-87.617,-96.053
23:23:58,-87.617,-96.053
23:24:08,-87.617,-96.053
23:24:18,-87.617,-96.053
23:24:28,-87.617,-96.053
23:24:38,-87.617,-96.053
23:24:48,-87.617,-96.053
23:24:58,-87.617,-96.053
23:25:08,-87.617,-96.053
23:25:18,-87.617,-96.053
23:25:28,-87.617,-96.053
23:25:38,-87.617,-96.053
23:25:48,-87.616,-96.053
23:25:59,-87.616,-96.053
23:26:09,-87.616,-96.052
23:26:19,-87.616,-96.052
23:26:29,-87.617,-96.053
23:26:39,-87.617,-96.053
23:26:49,-87.616,-96.052
23:26:59,-87.616,-96.052
23:27:09,-87.616,-96.052
23:27:19,-87.616,-96.052
23:27:29,-87.616,-96.052
23:27:39,-87.616,-96.052
23:27:49,-87.616,-96.052
23:27:59,-87.616,-96.052
23:28:09,-87.616,-96.051
23:28:19,-87.616,-96.052
23:28:29,-87.616,-96.052
23:28:39,-87.616,-96.052
23:28:49,-87.616,-96.052
23:28:59,-87.616,-96.052
23:29:09,-87.615,-96.052
23:29:19,-87.615,-96.052
23:29:29,-87.615,-96.052
23:29:39,-87.615,-96.052
23:29:49,-87.615,-96.052
23:29:59,-87.616,-96.052
23:30:09,-87.616,-96.052
23:30:19,-87.615,-96.052
23:30:29,-87.615,-96.052
23:30:39,-87.616,-96.051
23:30:49,-87.615,-96.051
23:30:59,-87.615,-96.051
23:31:09,-87.615,-96.051
23:31:19,-87.615,-96.051
23:31:29,-87.615,-96.051
23:31:39,-87.615,-96.051
23:31:49,-87.616,-96.051
23:31:59,-87.616,-96.051
23:32:09,-87.615,-96.051
23:32:19,-87.615,-96.051
23:32:30,-87.615,-96.051
23:32:40,-87.615,-96.051
23:32:50,-87.616,-96.050
23:33:00,-87.616,-96.051
23:33:10,-87.616,-96.050
23:33:20,-87.616,-96.051
23:33:30,-87.616,-96.051
23:33:40,-87.616,-96.051
23:33:50,-87.615,-96.050
23:34:00,-87.615,-96.050
23:34:10,-87.615,-96.050
23:34:20,-87.615,-96.050
23:34:30,-87.615,-96.050
23:34:40,-87.615,-96.050
23:34:50,-87.615,-96.050
23:35:00,-87.615,-96.050
23:35:10,-87.615,-96.050
23:35:20,-87.615,-96.050
23:35:30,-87.615,-96.050
23:35:40,-87.615,-96.050
23:35:50,-87.615,-96.050
23:36:00,-87.615,-96.050
23:36:10,-87.615,-96.050
23:36:20,-87.615,-96.050
23:36:30,-87.615,-96.049
23:36:40,-87.615,-96.049
23:36:50,-87.614,-96.049
23:37:00,-87.615,-96.049
23:37:10,-87.615,-96.049
23:37:20,-87.614,-96.049
23:37:30,-87.614,-96.049
23:37:41,-87.614,-96.049
23:37:51,-87.615,-96.049
23:38:01,-87.615,-96.050
23:38:11,-87.615,-96.050
23:38:21,-87.614,-96.050
23:38:31,-87.614,-96.050
23:38:41,-87.614,-96.050
23:38:51,-87.614,-96.050
23:39:01,-87.614,-96.050
23:39:11,-87.614,-96.050
23:39:21,-87.614,-96.050
23:39:31,-87.614,-96.050
23:39:41,-87.614,-96.050
23:39:51,-87.614,-96.050
23:40:01,-87.614,-96.050
23:40:11,-87.614,-96.050
23:40:21,-87.615,-96.050
23:40:31,-87.614,-96.050
23:40:41,-87.615,-96.050
23:40:51,-87.614,-96.051
23:41:01,-87.615,-96.051
23:41:11,-87.615,-96.050
23:41:21,-87.615,-96.050
23:41:31,-87.615,-96.050
23:41:41,-87.615,-96.050
23:41:51,-87.615,-96.050
23:42:01,-87.615,-96.050
23:42:11,-87.615,-96.050
23:42:21,-87.615,-96.050
23:42:31,-87.615,-96.050
23:42:41,-87.615,-96.050
23:42:51,-87.615,-96.050
23:43:01,-87.615,-96.050
23:43:12,-87.615,-96.050
23:43:22,-87.615,-96.050
23:43:32,-87.615,-96.050
23:43:42,-87.615,-96.050
23:43:52,-87.615,-96.050
23:44:02,-87.615,-96.050
23:44:12,-87.615,-96.050
23:44:22,-87.615,-96.050
23:44:32,-87.615,-96.050
23:44:42,-87.614,-96.050
23:44:52,-87.614,-96.050
23:45:02,-87.614,-96.050
23:45:12,-87.614,-96.050
23:45:22,-87.614,-96.050
23:45:32,-87.614,-96.050
23:45:42,-87.614,-96.050
23:45:52,-87.614,-96.050
23:46:02,-87.614,-96.050
23:46:12,-87.614,-96.050
23:46:22,-87.614,-96.049
23:46:32,-87.615,-96.049
23:46:42,-87.615,-96.049
23:46:52,-87.615,-96.049
23:47:02,-87.615,-96.049
23:47:12,-87.615,-96.049
23:47:22,-87.615,-96.049
23:47:32,-87.615,-96.049
23:47:42,-87.615,-96.049
23:47:52,-87.615,-96.049
23:48:02,-87.615,-96.049
23:48:12,-87.615,-96.049
23:48:22,-87.615,-96.049
23:48:32,-87.615,-96.049
23:48:43,-87.615,-96.049
23:48:53,-87.615,-96.049
23:49:03,-87.614,-96.049
23:49:13,-87.614,-96.049
23:49:23,-87.615,-96.048
23:49:33,-87.614,-96.048
23:49:43,-87.615,-96.048
23:49:53,-87.615,-96.048
23:50:03,-87.615,-96.048
23:50:13,-87.615,-96.048
23:50:23,-87.615,-96.048
23:50:33,-87.615,-96.048
23:50:43,-87.615,-96.048
23:50:53,-87.614,-96.048
23:51:03,-87.614,-96.048
23:51:13,-87.614,-96.048
23:51:23,-87.614,-96.048
23:51:33,-87.614,-96.048
23:51:43,-87.614,-96.048
23:51:53,-87.614,-96.048
23:52:03,-87.614,-96.048
23:52:13,-87.614,-96.048
23:52:23,-87.614,-96.048
23:52:33,-87.614,-96.048
23:52:43,-87.614,-96.048
23:52:53,-87.614,-96.048
23:53:03,-87.614,-96.048
23:53:13,-87.614,-96.048
23:53:23,-87.614,-96.048
23:53:33,-87.614,-96.048
23:53:43,-87.614,-96.048
23:53:53,-87.614,-96.048
23:54:03,-87.614,-96.048
23:54:13,-87.614,-96.048
23:54:24,-87.614,-96.048
23:54:34,-87.614,-96.048
23:54:44,-87.613,-96.048
23:54:54,-87.613,-96.048
23:55:04,-87.613,-96.048
23:55:14,-87.614,-96.048
23:55:24,-87.613,-96.049
23:55:34,-87.613,-96.049
23:55:44,-87.613,-96.048
23:55:54,-87.613,-96.049
23:56:04,-87.614,-96.049
23:56:14,-87.614,-96.049
23:56:24,-87.614,-96.048
23:56:34,-87.614,-96.048
23:56:44,-87.613,-96.048
23:56:54,-87.613,-96.048
23:57:04,-87.614,-96.048
23:57:14,-87.614,-96.049
23:57:24,-87.613,-96.049
23:57:34,-87.614,-96.049
23:57:44,-87.614,-96.049
23:57:54,-87.614,-96.049
23:58:04,-87.614,-96.049
23:58:14,-87.614,-96.049
23:58:24,-87.614,-96.049
23:58:34,-87.613,-96.049
23:58:44,-87.613,-96.049
23:58:54,-87.614,-96.049
23:59:04,-87.614,-96.049
23:59:14,-87.613,-96.049
23:59:24,-87.614,-96.049
23:59:34,-87.614,-96.049
23:59:44,-87.614,-96.049
23:59:54,-87.614,-96.049
00:00:05,-87.614,-96.049
00:00:15,-87.614,-96.049
00:00:25,-87.614,-96.049
00:00:35,-87.614,-96.049
00:00:45,-87.614,-96.049
00:00:55,-87.614,-96.048
00:01:05,-87.614,-96.049
00:01:15,-87.614,-96.048
00:01:25,-87.614,-96.048
00:01:35,-87.614,-96.048
00:01:45,-87.614,-96.048
00:01:55,-87.614,-96.048
00:02:05,-87.614,-96.048
00:02:15,-87.614,-96.049
00:02:25,-87.615,-96.049
00:02:35,-87.615,-96.049
00:02:45,-87.615,-96.049
00:02:55,-87.615,-96.049
00:03:05,-87.614,-96.049
00:03:15,-87.614,-96.049
00:03:25,-87.614,-96.049
00:03:35,-87.615,-96.048
00:03:45,-87.615,-96.049
00:03:55,-87.615,-96.049
00:04:05,-87.615,-96.049
00:04:15,-87.615,-96.049
00:04:25,-87.615,-96.049
00:04:35,-87.615,-96.049
00:04:45,-87.615,-96.049
00:04:55,-87.615,-96.049
00:05:05,-87.615,-96.049
00:05:15,-87.615,-96.049
00:05:25,-87.615,-96.049
00:05:35,-87.615,-96.049
00:05:45,-87.615,-96.049
00:05:56,-87.616,-96.049
00:06:06,-87.616,-96.049
00:06:16,-87.616,-96.049
00:06:26,-87.616,-96.049
00:06:36,-87.616,-96.049
00:06:46,-87.616,-96.049
00:06:56,-87.616,-96.049
00:07:06,-87.616,-96.048
00:07:16,-87.616,-96.048
00:07:26,-87.616,-96.048
00:07:36,-87.616,-96.048
00:07:46,-87.616,-96.048
00:07:56,-87.616,-96.048
00:08:06,-87.616,-96.048
00:08:16,-87.616,-96.048
00:08:26,-87.616,-96.048
00:08:36,-87.616,-96.048
00:08:46,-87.616,-96.048
00:08:56,-87.616,-96.048
00:09:06,-87.616,-96.048
00:09:16,-87.615,-96.048
00:09:26,-87.616,-96.048
00:09:36,-87.615,-96.048
00:09:46,-87.616,-96.048
00:09:56,-87.616,-96.048
00:10:06,-87.616,-96.047
00:10:16,-87.616,-96.047
00:10:26,-87.615,-96.047
00:10:36,-87.615,-96.047
00:10:46,-87.615,-96.047
00:10:56,-87.615,-96.047
00:11:06,-87.615,-96.047
00:11:16,-87.615,-96.047
00:11:26,-87.615,-96.047
00:11:36,-87.615,-96.047
00:11:46,-87.615,-96.047
00:11:56,-87.615,-96.047
00:12:06,-87.615,-96.047
00:12:16,-87.615,-96.047
00:12:27,-87.615,-96.047
00:12:37,-87.615,-96.047
00:12:47,-87.615,-96.047
00:12:57,-87.615,-96.047
00:13:07,-87.615,-96.047
00:13:17,-87.615,-96.047
00:13:27,-87.615,-96.047
00:13:37,-87.615,-96.047
00:13:47,-87.615,-96.047
00:13:57,-87.615,-96.047
00:14:07,-87.615,-96.047
00:14:17,-87.615,-96.047
00:14:27,-87.615,-96.047
00:14:37,-87.615,-96.047
00:14:47,-87.615,-96.047
00:14:57,-87.615,-96.047
00:15:07,-87.615,-96.047
00:15:17,-87.615,-96.047
00:15:27,-87.615,-96.047
00:15:37,-87.615,-96.047
00:15:47,-87.615,-96.048
00:15:57,-87.615,-96.048
00:16:07,-87.615,-96.048
00:16:17,-87.614,-96.048
00:16:27,-87.614,-96.048
00:16:37,-87.614,-96.048
00:16:47,-87.614,-96.048
00:16:57,-87.614,-96.048
00:17:07,-87.614,-96.048
00:17:17,-87.614,-96.048
00:17:27,-87.614,-96.048
00:17:37,-87.614,-96.048
00:17:47,-87.614,-96.048
00:17:57,-87.614,-96.048
00:18:08,-87.614,-96.048
00:18:18,-87.614,-96.048
00:18:28,-87.614,-96.048
00:18:38,-87.614,-96.048
00:18:48,-87.614,-96.048
00:18:58,-87.614,-96.048
00:19:08,-87.614,-96.048
00:19:18,-87.614,-96.048
00:19:28,-87.614,-96.048
00:19:38,-87.614,-96.048
00:19:48,-87.614,-96.048
00:19:58,-87.614,-96.048
00:20:08,-87.614,-96.048
00:20:18,-87.614,-96.048
00:20:28,-87.614,-96.048
00:20:38,-87.614,-96.048
00:20:48,-87.614,-96.048
00:20:58,-87.613,-96.048
00:21:08,-87.613,-96.048
00:21:18,-87.613,-96.048
00:21:28,-87.613,-96.048
00:21:38,-87.613,-96.048
00:21:48,-87.613,-96.048
00:21:58,-87.613,-96.048
00:22:08,-87.613,-96.048
00:22:18,-87.613,-96.048
00:22:28,-87.613,-96.048
00:22:38,-87.613,-96.048
00:22:48,-87.613,-96.048
00:22:58,-87.614,-96.048
00:23:08,-87.614,-96.048
00:23:18,-87.613,-96.048
00:23:29,-87.613,-96.048
00:23:39,-87.613,-96.049
00:23:49,-87.613,-96.049
00:23:59,-87.613,-96.049
00:24:09,-87.613,-96.048
00:24:19,-87.613,-96.048
00:24:29,-87.613,-96.048
00:24:39,-87.613,-96.049
00:24:49,-87.613,-96.049
00:24:59,-87.613,-96.049
00:25:09,-87.613,-96.048
00:25:19,-87.613,-96.048
00:25:29,-87.614,-96.048
00:25:39,-87.614,-96.048
00:25:49,-87.614,-96.048
00:25:59,-87.613,-96.048
00:26:09,-87.613,-96.048
00:26:19,-87.613,-96.048
00:26:29,-87.613,-96.049
00:26:39,-87.613,-96.049
00:26:49,-87.613,-96.049
00:26:59,-87.613,-96.049
00:27:09,-87.613,-96.049
00:27:19,-87.613,-96.049
00:27:29,-87.613,-96.049
00:27:39,-87.613,-96.049
00:27:49,-87.613,-96.049
00:27:59,-87.613,-96.049
00:28:09,-87.613,-96.049
00:28:19,-87.613,-96.049
00:28:29,-87.613,-96.049
00:28:39,-87.613,-96.049
00:28:49,-87.613,-96.049
00:28:59,-87.613,-96.049
00:29:09,-87.613,-96.049
00:29:20,-87.613,-96.049
00:29:30,-87.613,-96.049
00:29:40,-87.613,-96.049
00:29:50,-87.613,-96.049
00:30:00,-87.612,-96.049
00:30:10,-87.613,-96.049
00:30:20,-87.612,-96.049
00:30:30,-87.612,-96.049
00:30:40,-87.612,-96.049
00:30:50,-87.612,-96.049
00:31:00,-87.612,-96.049
00:31:10,-87.612,-96.049
00:31:20,-87.612,-96.049
00:31:30,-87.613,-96.049
00:31:40,-87.613,-96.049
00:31:50,-87.613,-96.049
00:32:00,-87.613,-96.049
00:32:10,-87.613,-96.049
00:32:20,-87.613,-96.049
00:32:30,-87.613,-96.049
00:32:40,-87.613,-96.050
00:32:50,-87.613,-96.049
00:33:00,-87.613,-96.049
00:33:10,-87.613,-96.049
00:33:20,-87.613,-96.049
00:33:30,-87.613,-96.049
00:33:40,-87.613,-96.049
00:33:50,-87.613,-96.049
00:34:00,-87.613,-96.049
00:34:10,-87.613,-96.049
00:34:20,-87.613,-96.050
00:34:30,-87.613,-96.050
00:34:40,-87.613,-96.050
00:34:50,-87.613,-96.050
00:35:00,-87.613,-96.050
00:35:10,-87.613,-96.050
00:35:21,-87.613,-96.050
00:35:31,-87.613,-96.050
00:35:41,-87.613,-96.050
00:35:51,-87.613,-96.050
00:36:01,-87.613,-96.050
00:36:11,-87.613,-96.050
00:36:21,-87.613,-96.050
00:36:31,-87.613,-96.050
00:36:41,-87.613,-96.050
00:36:51,-87.613,-96.050
00:37:01,-87.613,-96.050
00:37:11,-87.613,-96.050
00:37:21,-87.613,-96.050
00:37:31,-87.613,-96.050
00:37:41,-87.613,-96.050
00:37:51,-87.613,-96.050
00:38:01,-87.613,-96.050
00:38:11,-87.613,-96.050
00:38:21,-87.613,-96.050
00:38:31,-87.613,-96.050
00:38:41,-87.613,-96.050
00:38:51,-87.613,-96.050
00:39:01,-87.613,-96.050
00:39:11,-87.613,-96.050
00:39:21,-87.613,-96.050
00:39:31,-87.613,-96.050
00:39:41,-87.613,-96.050
00:39:51,-87.613,-96.050
00:40:01,-87.613,-96.050
00:40:11,-87.613,-96.050
00:40:21,-87.613,-96.050
00:40:31,-87.613,-96.050
00:40:42,-87.612,-96.050
00:40:52,-87.612,-96.050
00:41:02,-87.613,-96.050
00:41:12,-87.613,-96.050
00:41:22,-87.613,-96.050
00:41:32,-87.613,-96.050
00:41:42,-87.613,-96.050
00:41:52,-87.613,-96.050
00:42:02,-87.613,-96.050
00:42:12,-87.613,-96.050
00:42:22,-87.613,-96.050
00:42:32,-87.613,-96.050
00:42:42,-87.613,-96.050
00:42:52,-87.613,-96.050
00:43:02,-87.613,-96.050
00:43:12,-87.613,-96.050
00:43:22,-87.613,-96.050
00:43:32,-87.613,-96.050
00:43:42,-87.613,-96.050
00:43:52,-87.613,-96.050
00:44:02,-87.613,-96.050
00:44:12,-87.613,-96.050
00:44:22,-87.613,-96.050
00:44:32,-87.612,-96.050
00:44:42,-87.612,-96.050
00:44:52,-87.612,-96.050
00:45:02,-87.612,-96.050
00:45:12,-87.612,-96.050
00:45:22,-87.612,-96.050
00:45:32,-87.613,-96.050
00:45:42,-87.613,-96.050
00:45:52,-87.612,-96.050
00:46:02,-87.613,-96.050
00:46:12,-87.613,-96.050
00:46:22,-87.613,-96.050
00:46:32,-87.613,-96.050
00:46:42,-87.613,-96.050
00:46:53,-87.613,-96.050
00:47:03,-87.613,-96.050
00:47:13,-87.612,-96.050
00:47:23,-87.612,-96.050
00:47:33,-87.613,-96.050
00:47:43,-87.613,-96.050
00:47:53,-87.612,-96.050
00:48:03,-87.612,-96.050
00:48:13,-87.612,-96.050
00:48:23,-87.613,-96.050
00:48:33,-87.613,-96.050
00:48:43,-87.613,-96.050
00:48:53,-87.613,-96.050
00:49:03,-87.613,-96.050
00:49:13,-87.613,-96.050
00:49:23,-87.613,-96.051
00:49:33,-87.612,-96.050
00:49:43,-87.612,-96.050
00:49:53,-87.613,-96.051
00:50:03,-87.613,-96.051
00:50:13,-87.613,-96.051
00:50:23,-87.613,-96.051
00:50:33,-87.613,-96.051
00:50:43,-87.613,-96.051
00:50:53,-87.613,-96.050
00:51:03,-87.613,-96.051
00:51:13,-87.613,-96.050
00:51:23,-87.613,-96.050
00:51:33,-87.613,-96.050
00:51:43,-87.613,-96.050
00:51:53,-87.613,-96.050
00:52:03,-87.613,-96.050
00:52:13,-87.613,-96.050
00:52:24,-87.613,-96.050
00:52:34,-87.613,-96.050
00:52:44,-87.614,-96.050
00:52:54,-87.614,-96.050
00:53:04,-87.614,-96.050
00:53:14,-87.614,-96.050
00:53:24,-87.614,-96.050
00:53:34,-87.614,-96.050
00:53:44,-87.614,-96.050
00:53:54,-87.614,-96.050
00:54:04,-87.614,-96.050
00:54:14,-87.614,-96.050
00:54:24,-87.614,-96.050
00:54:34,-87.614,-96.050
00:54:44,-87.615,-96.050
00:54:54,-87.614,-96.050
00:55:04,-87.615,-96.050
00:55:14,-87.615,-96.050
00:55:24,-87.615,-96.049
00:55:34,-87.615,-96.049
00:55:44,-87.614,-96.049
00:55:54,-87.614,-96.049
00:56:04,-87.614,-96.049
00:56:14,-87.614,-96.049
00:56:24,-87.614,-96.049
00:56:34,-87.615,-96.049
00:56:44,-87.614,-96.049
00:56:54,-87.614,-96.049
00:57:04,-87.614,-96.049
00:57:14,-87.614,-96.049
00:57:24,-87.614,-96.049
00:57:34,-87.614,-96.050
00:57:44,-87.614,-96.050
00:57:54,-87.614,-96.050
00:58:05,-87.614,-96.050
00:58:15,-87.614,-96.050
00:58:25,-87.614,-96.050
00:58:35,-87.614,-96.050
00:58:45,-87.614,-96.050
00:58:55,-87.614,-96.050
00:59:05,-87.614,-96.050
00:59:15,-87.614,-96.050
00:59:25,-87.614,-96.050
00:59:35,-87.614,-96.050
00:59:45,-87.614,-96.050
00:59:55,-87.614,-96.050
01:00:05,-87.614,-96.050
01:00:15,-87.614,-96.050
01:00:25,-87.614,-96.050
01:00:35,-87.614,-96.050
01:00:45,-87.614,-96.049
01:00:55,-87.613,-96.049
01:01:05,-87.614,-96.049
01:01:15,-87.613,-96.050
01:01:25,-87.613,-96.050
01:01:35,-87.613,-96.050
01:01:45,-87.613,-96.049
01:01:55,-87.613,-96.049
01:02:05,-87.613,-96.049
01:02:15,-87.613,-96.049
01:02:25,-87.613,-96.049
01:02:35,-87.613,-96.049
01:02:45,-87.613,-96.049
01:02:55,-87.613,-96.049
01:03:05,-87.613,-96.049
01:03:15,-87.613,-96.049
01:03:25,-87.612,-96.049
01:03:35,-87.613,-96.049
01:03:46,-87.613,-96.049
01:03:56,-87.613,-96.049
01:04:06,-87.613,-96.049
01:04:16,-87.613,-96.049
01:04:26,-87.613,-96.049
01:04:36,-87.613,-96.049
01:04:46,-87.613,-96.049
01:04:56,-87.613,-96.049
01:05:06,-87.613,-96.049
01:05:16,-87.613,-96.049
01:05:26,-87.613,-96.049
01:05:36,-87.613,-96.049
01:05:46,-87.613,-96.049
01:05:56,-87.613,-96.049
01:06:06,-87.613,-96.049
01:06:16,-87.613,-96.049
01:06:26,-87.613,-96.048
01:06:36,-87.613,-96.049
01:06:46,-87.613,-96.049
01:06:56,-87.613,-96.048
01:07:06,-87.613,-96.049
01:07:16,-87.613,-96.048
01:07:26,-87.613,-96.048
01:07:36,-87.614,-96.048
01:07:46,-87.613,-96.048
01:07:56,-87.613,-96.048
01:08:06,-87.613,-96.048
01:08:16,-87.613,-96.048
01:08:26,-87.613,-96.048
01:08:36,-87.613,-96.048
01:08:46,-87.613,-96.048
01:08:56,-87.613,-96.048
01:09:07,-87.613,-96.048
01:09:17,-87.613,-96.048
01:09:27,-87.613,-96.048
01:09:37,-87.613,-96.048
01:09:47,-87.613,-96.048
01:09:57,-87.613,-96.048
01:10:07,-87.613,-96.048
01:10:17,-87.613,-96.048
01:10:27,-87.613,-96.048
01:10:37,-87.613,-96.048
01:10:47,-87.613,-96.048
01:10:57,-87.613,-96.048
01:11:07,-87.613,-96.048
01:11:17,-87.613,-96.048
01:11:27,-87.613,-96.048
01:11:37,-87.613,-96.048
01:11:47,-87.613,-96.048
01:11:57,-87.613,-96.048
01:12:07,-87.613,-96.048
01:12:17,-87.613,-96.048
01:12:27,-87.613,-96.048
01:12:37,-87.613,-96.048
01:12:47,-87.613,-96.048
01:12:57,-87.613,-96.048
01:13:07,-87.613,-96.048
01:13:17,-87.613,-96.048
01:13:27,-87.613,-96.048
01:13:37,-87.613,-96.048
01:13:47,-87.613,-96.048
01:13:57,-87.613,-96.048
01:14:07,-87.613,-96.048
01:14:18,-87.613,-96.048
01:14:28,-87.613,-96.048
01:14:38,-87.613,-96.048
01:14:48,-87.613,-96.048
01:14:58,-87.614,-96.048
01:15:08,-87.614,-96.048
01:15:18,-87.614,-96.048
01:15:28,-87.614,-96.048
01:15:38,-87.614,-96.048
01:15:48,-87.614,-96.048
01:15:58,-87.613,-96.048
01:16:08,-87.613,-96.048
01:16:18,-87.613,-96.048
01:16:28,-87.613,-96.048
01:16:38,-87.613,-96.048
01:16:48,-87.613,-96.047
01:16:58,-87.613,-96.047
01:17:08,-87.613,-96.047
01:17:18,-87.613,-96.048
01:17:28,-87.613,-96.048
01:17:38,-87.613,-96.048
01:17:48,-87.613,-96.048
01:17:58,-87.613,-96.048
01:18:08,-87.613,-96.048
01:18:18,-87.613,-96.048
01:18:28,-87.613,-96.048
01:18:38,-87.612,-96.048
01:18:48,-87.612,-96.048
01:18:58,-87.612,-96.048
01:19:08,-87.612,-96.048
01:19:18,-87.612,-96.047
01:19:29,-87.612,-96.047
01:19:39,-87.612,-96.047
01:19:49,-87.613,-96.047
01:19:59,-87.612,-96.048
01:20:09,-87.612,-96.047
01:20:19,-87.612,-96.047
01:20:29,-87.612,-96.047
01:20:39,-87.612,-96.047
01:20:49,-87.612,-96.047
01:20:59,-87.612,-96.047
01:21:09,-87.612,-96.047
01:21:19,-87.612,-96.047
01:21:29,-87.612,-96.047
01:21:39,-87.612,-96.047
01:21:49,-87.612,-96.047
01:21:59,-87.612,-96.047
01:22:09,-87.612,-96.047
01:22:19,-87.612,-96.047
01:22:29,-87.612,-96.047
01:22:39,-87.611,-96.047
01:22:49,-87.611,-96.047
01:22:59,-87.612,-96.047
01:23:09,-87.612,-96.047
01:23:19,-87.612,-96.047
01:23:29,-87.612,-96.047
01:23:39,-87.612,-96.047
01:23:49,-87.612,-96.047
01:23:59,-87.612,-96.047
01:24:09,-87.612,-96.047
01:24:19,-87.611,-96.047
01:24:29,-87.612,-96.047
01:24:39,-87.611,-96.047
01:24:50,-87.612,-96.047
01:25:00,-87.612,-96.047
01:25:10,-87.612,-96.047
01:25:20,-87.612,-96.047
01:25:30,-87.612,-96.047
01:25:40,-87.612,-96.047
01:25:50,-87.612,-96.047
01:26:00,-87.612,-96.047
01:26:10,-87.612,-96.046
01:26:20,-87.612,-96.046
01:26:30,-87.612,-96.047
01:26:40,-87.612,-96.046
01:26:50,-87.612,-96.046
01:27:00,-87.612,-96.046
01:27:10,-87.612,-96.046
01:27:20,-87.612,-96.046
01:27:30,-87.612,-96.046
01:27:40,-87.612,-96.046
01:27:50,-87.612,-96.046
01:28:00,-87.612,-96.046
01:28:10,-87.612,-96.046
01:28:20,-87.612,-96.046
01:28:30,-87.612,-96.046
01:28:40,-87.612,-96.046
01:28:50,-87.612,-96.046
01:29:00,-87.612,-96.046
01:29:10,-87.612,-96.046
01:29:20,-87.612,-96.046
01:29:30,-87.612,-96.046
01:29:40,-87.612,-96.046
01:29:50,-87.612,-96.046
01:30:00,-87.612,-96.046
01:30:10,-87.612,-96.046
01:30:21,-87.612,-96.046
01:30:31,-87.612,-96.046
01:30:41,-87.612,-96.046
01:30:51,-87.612,-96.046
01:31:01,-87.612,-96.046
01:31:11,-87.612,-96.046
01:31:21,-87.612,-96.046
01:31:31,-87.612,-96.046
01:31:41,-87.612,-96.045
01:31:51,-87.612,-96.045
01:32:01,-87.612,-96.045
01:32:11,-87.612,-96.045
01:32:21,-87.611,-96.045
01:32:31,-87.611,-96.045
01:32:41,-87.611,-96.045
01:32:51,-87.611,-96.045
01:33:01,-87.611,-96.045
01:33:11,-87.611,-96.045
01:33:21,-87.611,-96.045
01:33:31,-87.610,-96.045
01:33:41,-87.610,-96.045
01:33:51,-87.611,-96.045
01:34:01,-87.611,-96.045
01:34:11,-87.611,-96.045
01:34:21,-87.611,-96.045
01:34:31,-87.611,-96.045
01:34:41,-87.611,-96.045
01:34:51,-87.611,-96.045
01:35:01,-87.611,-96.045
01:35:11,-87.611,-96.045
01:35:21,-87.611,-96.045
01:35:31,-87.611,-96.045
01:35:41,-87.611,-96.045
01:35:51,-87.610,-96.045
01:36:02,-87.610,-96.044
01:36:12,-87.611,-96.044
01:36:22,-87.611,-96.044
01:36:32,-87.611,-96.045
01:36:42,-87.611,-96.044
01:36:52,-87.611,-96.045
01:37:02,-87.611,-96.044
01:37:12,-87.610,-96.044
01:37:22,-87.610,-96.044
01:37:32,-87.610,-96.044
01:37:42,-87.611,-96.044
01:37:52,-87.611,-96.044
01:38:02,-87.610,-96.044
01:38:12,-87.611,-96.044
01:38:22,-87.610,-96.044
01:38:32,-87.610,-96.044
01:38:42,-87.610,-96.044
01:38:52,-87.610,-96.044
01:39:02,-87.610,-96.044
01:39:12,-87.610,-96.044
01:39:22,-87.610,-96.044
01:39:32,-87.610,-96.044
01:39:42,-87.609,-96.044
01:39:52,-87.610,-96.044
01:40:02,-87.610,-96.044
01:40:12,-87.610,-96.044
01:40:22,-87.610,-96.044
01:40:32,-87.609,-96.044
01:40:42,-87.610,-96.044
01:40:52,-87.610,-96.044
01:41:02,-87.610,-96.044
01:41:12,-87.610,-96.044
01:41:22,-87.610,-96.044
01:41:32,-87.610,-96.044
01:41:43,-87.610,-96.044
01:41:53,-87.610,-96.044
01:42:03,-87.610,-96.044
01:42:13,-87.610,-96.044
01:42:23,-87.610,-96.044
01:42:33,-87.610,-96.044
01:42:43,-87.610,-96.044
01:42:53,-87.610,-96.044
01:43:03,-87.610,-96.044
01:43:13,-87.610,-96.044
01:43:23,-87.610,-96.044
01:43:33,-87.610,-96.044
01:43:43,-87.611,-96.044
01:43:53,-87.610,-96.044
01:44:03,-87.610,-96.044
01:44:13,-87.610,-96.044
01:44:23,-87.610,-96.044
01:44:33,-87.610,-96.044
01:44:43,-87.610,-96.044
01:44:53,-87.610,-96.044
01:45:03,-87.610,-96.044
01:45:13,-87.610,-96.044
01:45:23,-87.610,-96.044
01:45:33,-87.610,-96.044
01:45:43,-87.610,-96.044
01:45:53,-87.610,-96.044
01:46:03,-87.610,-96.044
01:46:13,-87.610,-96.044
01:46:23,-87.610,-96.044
01:46:33,-87.610,-96.044
01:46:43,-87.610,-96.044
01:46:53,-87.610,-96.044
01:47:03,-87.610,-96.044
01:47:13,-87.610,-96.044
01:47:23,-87.611,-96.044
01:47:34,-87.611,-96.044
01:47:44,-87.611,-96.044
01:47:54,-87.611,-96.044
01:48:04,-87.611,-96.044
01:48:14,-87.611,-96.044
01:48:24,-87.611,-96.044
01:48:34,-87.611,-96.044
01:48:44,-87.611,-96.044
01:48:54,-87.611,-96.044
01:49:04,-87.611,-96.044
01:49:14,-87.611,-96.044
01:49:24,-87.611,-96.044
01:49:34,-87.611,-96.044
01:49:44,-87.611,-96.044
01:49:54,-87.611,-96.044
01:50:04,-87.611,-96.044
01:50:14,-87.612,-96.044
01:50:24,-87.611,-96.044
01:50:34,-87.611,-96.044
01:50:44,-87.611,-96.044
01:50:54,-87.611,-96.044
01:51:04,-87.612,-96.044
01:51:14,-87.612,-96.043
01:51:24,-87.612,-96.043
01:51:34,-87.612,-96.043
01:51:44,-87.612,-96.043
01:51:54,-87.612,-96.043
01:52:04,-87.612,-96.043
01:52:14,-87.612,-96.043
01:52:24,-87.612,-96.043
01:52:34,-87.613,-96.043
01:52:44,-87.612,-96.043
01:52:54,-87.612,-96.043
01:53:04,-87.612,-96.043
01:53:15,-87.612,-96.043
01:53:25,-87.612,-96.043
01:53:35,-87.612,-96.043
01:53:45,-87.613,-96.043
01:53:55,-87.613,-96.043
01:54:05,-87.613,-96.043
01:54:15,-87.613,-96.043
01:54:25,-87.613,-96.043
01:54:35,-87.613,-96.043
01:54:45,-87.613,-96.043
01:54:55,-87.613,-96.043
01:55:05,-87.613,-96.044
01:55:15,-87.612,-96.043
01:55:25,-87.613,-96.044
01:55:35,-87.613,-96.043
01:55:45,-87.612,-96.043
01:55:55,-87.613,-96.044
01:56:05,-87.612,-96.044
01:56:15,-87.612,-96.044
01:56:25,-87.613,-96.044
01:56:35,-87.613,-96.044
01:56:45,-87.613,-96.044
01:56:55,-87.613,-96.044
01:57:05,-87.613,-96.044
01:57:15,-87.613,-96.044
01:57:25,-87.613,-96.044
01:57:35,-87.613,-96.044
01:57:45,-87.613,-96.044
01:57:55,-87.613,-96.044
01:58:05,-87.613,-96.044
01:58:15,-87.613,-96.044
01:58:25,-87.613,-96.044
01:58:36,-87.613,-96.044
01:58:46,-87.613,-96.044
01:58:56,-87.613,-96.044
01:59:06,-87.613,-96.044
01:59:16,-87.613,-96.044
01:59:26,-87.613,-96.044
01:59:36,-87.613,-96.044
01:59:46,-87.613,-96.044
01:59:56,-87.613,-96.044
02:00:06,-87.613,-96.044
02:00:16,-87.613,-96.044
02:00:26,-87.613,-96.044
02:00:36,-87.613,-96.044
02:00:46,-87.613,-96.044
02:00:56,-87.613,-96.044
02:01:06,-87.613,-96.043
02:01:16,-87.613,-96.043
02:01:26,-87.613,-96.043
02:01:36,-87.613,-96.044
02:01:46,-87.613,-96.044
02:01:56,-87.613,-96.044
02:02:06,-87.613,-96.044
02:02:16,-87.613,-96.044
02:02:26,-87.613,-96.044
02:02:36,-87.613,-96.044
02:02:46,-87.613,-96.044
02:02:56,-87.613,-96.044
02:03:06,-87.613,-96.044
02:03:16,-87.613,-96.044
02:03:26,-87.613,-96.044
02:03:36,-87.613,-96.043
02:03:46,-87.613,-96.043
02:03:57,-87.613,-96.043
02:04:07,-87.613,-96.043
02:04:17,-87.613,-96.043
02:04:27,-87.613,-96.043
02:04:37,-87.613,-96.043
02:04:47,-87.613,-96.043
02:04:57,-87.613,-96.043
02:05:07,-87.613,-96.043
02:05:17,-87.613,-96.043
02:05:27,-87.613,-96.043
02:05:37,-87.613,-96.043
02:05:47,-87.613,-96.043
02:05:57,-87.613,-96.043
02:06:07,-87.612,-96.043
02:06:17,-87.612,-96.043
02:06:27,-87.612,-96.043
02:06:37,-87.612,-96.043
02:06:47,-87.612,-96.043
02:06:57,-87.612,-96.043
02:07:07,-87.612,-96.043
02:07:17,-87.612,-96.043
02:07:27,-87.612,-96.043
02:07:37,-87.612,-96.043
02:07:47,-87.613,-96.043
02:07:57,-87.613,-96.043
02:08:07,-87.613,-96.043
02:08:17,-87.613,-96.043
02:08:27,-87.613,-96.043
02:08:37,-87.613,-96.043
02:08:47,-87.613,-96.043
02:08:57,-87.613,-96.043
02:09:07,-87.613,-96.043
02:09:17,-87.613,-96.043
02:09:27,-87.613,-96.043
02:09:37,-87.613,-96.043
02:09:47,-87.613,-96.043
02:09:57,-87.613,-96.043
02:10:07,-87.613,-96.042
02:10:17,-87.613,-96.043
02:10:28,-87.613,-96.043
02:10:38,-87.613,-96.043
02:10:48,-87.613,-96.043
02:10:58,-87.613,-96.043
02:11:08,-87.613,-96.043
02:11:18,-87.613,-96.043
02:11:28,-87.613,-96.043
02:11:38,-87.613,-96.043
02:11:48,-87.613,-96.043
02:11:58,-87.613,-96.043
02:12:08,-87.613,-96.043
02:12:18,-87.613,-96.043
02:12:28,-87.613,-96.043
02:12:38,-87.613,-96.043
02:12:48,-87.613,-96.042
02:12:58,-87.613,-96.042
02:13:08,-87.613,-96.042
02:13:18,-87.613,-96.042
02:13:28,-87.613,-96.042
02:13:38,-87.613,-96.042
02:13:48,-87.613,-96.042
02:13:58,-87.613,-96.042
02:14:08,-87.613,-96.042
02:14:18,-87.613,-96.042
02:14:28,-87.613,-96.042
02:14:38,-87.613,-96.042
02:14:48,-87.613,-96.042
02:14:58,-87.613,-96.042
02:15:08,-87.613,-96.042
02:15:18,-87.613,-96.042
02:15:28,-87.613,-96.043
02:15:38,-87.613,-96.043
02:15:48,-87.612,-96.043
02:15:59,-87.612,-96.043
02:16:09,-87.612,-96.043
02:16:19,-87.612,-96.043
02:16:29,-87.612,-96.043
02:16:39,-87.613,-96.043
02:16:49,-87.613,-96.043
02:16:59,-87.613,-96.043
02:17:09,-87.613,-96.043
02:17:19,-87.613,-96.043
02:17:29,-87.613,-96.043
02:17:39,-87.613,-96.043
02:17:49,-87.613,-96.043
02:17:59,-87.613,-96.043
02:18:09,-87.612,-96.043
02:18:19,-87.612,-96.043
02:18:29,-87.612,-96.043
02:18:39,-87.612,-96.043
02:18:49,-87.612,-96.043
02:18:59,-87.612,-96.043
02:19:09,-87.612,-96.043
02:19:19,-87.612,-96.043
02:19:29,-87.612,-96.043
02:19:39,-87.612,-96.043
02:19:49,-87.612,-96.043
02:19:59,-87.612,-96.043
02:20:09,-87.612,-96.043
02:20:19,-87.612,-96.043
02:20:29,-87.612,-96.043
02:20:39,-87.612,-96.043
02:20:49,-87.612,-96.043
02:20:59,-87.612,-96.043
02:21:09,-87.612,-96.043
02:21:19,-87.612,-96.043
02:21:29,-87.612,-96.043
02:21:40,-87.612,-96.043
02:21:50,-87.612,-96.043
02:22:00,-87.612,-96.043
02:22:10,-87.612,-96.043
02:22:20,-87.612,-96.043
02:22:30,-87.612,-96.042
02:22:40,-87.612,-96.042
02:22:50,-87.612,-96.042
02:23:00,-87.612,-96.042
02:23:10,-87.612,-96.042
02:23:20,-87.612,-96.042
02:23:30,-87.612,-96.042
02:23:40,-87.612,-96.042
02:23:50,-87.612,-96.042
02:24:00,-87.612,-96.042
02:24:10,-87.612,-96.042
02:24:20,-87.612,-96.042
02:24:30,-87.612,-96.042
02:24:40,-87.612,-96.042
02:24:50,-87.612,-96.042
02:25:00,-87.612,-96.042
02:25:10,-87.612,-96.042
02:25:20,-87.612,-96.042
02:25:30,-87.612,-96.042
02:25:40,-87.612,-96.042
02:25:50,-87.612,-96.042
02:26:00,-87.612,-96.042
02:26:10,-87.612,-96.042
02:26:20,-87.612,-96.042
02:26:30,-87.612,-96.042
02:26:40,-87.612,-96.042
02:26:50,-87.612,-96.043
02:27:00,-87.612,-96.042
02:27:10,-87.612,-96.043
02:27:21,-87.612,-96.042
02:27:31,-87.612,-96.042
02:27:41,-87.612,-96.042
02:27:51,-87.612,-96.042
02:28:01,-87.612,-96.042
02:28:11,-87.612,-96.042
02:28:21,-87.612,-96.042
02:28:31,-87.611,-96.042
02:28:41,-87.611,-96.042
02:28:51,-87.612,-96.042
02:29:01,-87.612,-96.042
02:29:11,-87.612,-96.042
02:29:21,-87.612,-96.042
02:29:31,-87.612,-96.042
02:29:41,-87.612,-96.042
02:29:51,-87.612,-96.042
02:30:01,-87.612,-96.042
02:30:11,-87.612,-96.041
02:30:21,-87.612,-96.041
02:30:31,-87.612,-96.041
02:30:41,-87.612,-96.041
02:30:51,-87.612,-96.041
02:31:01,-87.612,-96.041
02:31:11,-87.612,-96.041
02:31:21,-87.612,-96.041
02:31:31,-87.612,-96.041
02:31:41,-87.612,-96.041
02:31:51,-87.612,-96.041
02:32:01,-87.612,-96.041
02:32:11,-87.612,-96.041
02:32:21,-87.612,-96.041
02:32:31,-87.612,-96.041
02:32:42,-87.612,-96.041
02:32:52,-87.613,-96.041
02:33:02,-87.613,-96.041
02:33:12,-87.613,-96.041
02:33:22,-87.613,-96.041
02:33:32,-87.613,-96.041
02:33:42,-87.613,-96.041
02:33:52,-87.613,-96.041
02:34:02,-87.613,-96.041
02:34:12,-87.613,-96.041
02:34:22,-87.613,-96.041
02:34:32,-87.613,-96.041
02:34:42,-87.613,-96.040
02:34:52,-87.613,-96.040
02:35:02,-87.614,-96.040
02:35:12,-87.614,-96.040
02:35:22,-87.614,-96.040
02:35:32,-87.614,-96.040
02:35:42,-87.614,-96.040
02:35:52,-87.614,-96.040
02:36:02,-87.614,-96.040
02:36:12,-87.614,-96.040
02:36:22,-87.614,-96.040
02:36:32,-87.614,-96.040
02:36:42,-87.614,-96.040
02:36:52,-87.613,-96.040
02:37:02,-87.613,-96.040
02:37:12,-87.613,-96.040
02:37:22,-87.613,-96.040
02:37:32,-87.613,-96.040
02:37:42,-87.614,-96.040
02:37:52,-87.613,-96.040
02:38:02,-87.613,-96.040
02:38:12,-87.613,-96.040
02:38:23,-87.613,-96.040
02:38:33,-87.613,-96.040
02:38:43,-87.614,-96.040
02:38:53,-87.614,-96.040
02:39:03,-87.614,-96.040
02:39:13,-87.613,-96.040
02:39:23,-87.613,-96.040
02:39:33,-87.613,-96.040
02:39:43,-87.613,-96.040
02:39:53,-87.613,-96.040
02:40:03,-87.613,-96.040
02:40:13,-87.613,-96.040
02:40:23,-87.613,-96.040
02:40:33,-87.613,-96.040
02:40:43,-87.613,-96.040
02:40:53,-87.614,-96.040
02:41:03,-87.614,-96.040
02:41:13,-87.613,-96.040
02:41:23,-87.613,-96.040
02:41:33,-87.613,-96.040
02:41:43,-87.613,-96.040
02:41:53,-87.613,-96.040
02:42:03,-87.613,-96.040
02:42:13,-87.613,-96.040
02:42:23,-87.613,-96.040
02:42:33,-87.613,-96.040
02:42:43,-87.613,-96.040
02:42:53,-87.614,-96.040
02:43:03,-87.613,-96.040
02:43:13,-87.613,-96.040
02:43:23,-87.613,-96.040
02:43:33,-87.614,-96.040
02:43:43,-87.614,-96.040
02:43:53,-87.614,-96.040
02:44:04,-87.614,-96.040
02:44:14,-87.614,-96.040
02:44:24,-87.614,-96.040
02:44:34,-87.614,-96.040
02:44:44,-87.614,-96.040
02:44:54,-87.614,-96.040
02:45:04,-87.614,-96.039
02:45:14,-87.614,-96.040
02:45:24,-87.614,-96.040
02:45:34,-87.614,-96.040
02:45:44,-87.614,-96.040
02:45:54,-87.613,-96.040
02:46:04,-87.613,-96.040
02:46:14,-87.614,-96.040
02:46:24,-87.613,-96.040
02:46:34,-87.613,-96.040
02:46:44,-87.613,-96.040
02:46:54,-87.613,-96.040
02:47:04,-87.613,-96.040
02:47:14,-87.613,-96.040
02:47:24,-87.613,-96.040
02:47:34,-87.613,-96.040
02:47:44,-87.613,-96.040
02:47:54,-87.613,-96.040
02:48:04,-87.613,-96.040
02:48:14,-87.613,-96.040
02:48:24,-87.613,-96.040
02:48:34,-87.613,-96.040
02:48:44,-87.613,-96.040
02:48:54,-87.613,-96.040
02:49:04,-87.613,-96.040
02:49:14,-87.613,-96.040
02:49:24,-87.613,-96.040
02:49:35,-87.613,-96.040
02:49:45,-87.613,-96.040
02:49:55,-87.613,-96.040
02:50:05,-87.613,-96.040
02:50:15,-87.613,-96.040
02:50:25,-87.613,-96.040
02:50:35,-87.613,-96.040
02:50:45,-87.613,-96.040
02:50:55,-87.613,-96.040
02:51:05,-87.613,-96.040
02:51:15,-87.613,-96.040
02:51:25,-87.613,-96.040
02:51:35,-87.613,-96.040
02:51:45,-87.613,-96.040
02:51:55,-87.613,-96.040
02:52:05,-87.613,-96.040
02:52:15,-87.613,-96.040
02:52:25,-87.612,-96.040
02:52:35,-87.612,-96.040
02:52:45,-87.612,-96.040
02:52:55,-87.612,-96.040
02:53:05,-87.612,-96.040
02:53:15,-87.612,-96.040
02:53:25,-87.612,-96.040
02:53:35,-87.612,-96.040
02:53:45,-87.612,-96.040
02:53:55,-87.612,-96.040
02:54:05,-87.612,-96.040
02:54:15,-87.612,-96.040
02:54:25,-87.612,-96.040
02:54:35,-87.612,-96.040
02:54:45,-87.613,-96.040
02:54:55,-87.612,-96.040
02:55:06,-87.613,-96.040
02:55:16,-87.612,-96.040
02:55:26,-87.612,-96.040
02:55:36,-87.612,-96.040
02:55:46,-87.612,-96.040
02:55:56,-87.612,-96.040
02:56:06,-87.612,-96.040
02:56:16,-87.612,-96.040
02:56:26,-87.612,-96.040
02:56:36,-87.612,-96.040
02:56:46,-87.612,-96.040
02:56:56,-87.612,-96.040
02:57:06,-87.612,-96.040
02:57:16,-87.613,-96.040
02:57:26,-87.613,-96.040
02:57:36,-87.613,-96.040
02:57:46,-87.613,-96.040
02:57:56,-87.613,-96.040
02:58:06,-87.613,-96.040
02:58:16,-87.612,-96.040
02:58:26,-87.612,-96.040
02:58:36,-87.612,-96.040
02:58:46,-87.612,-96.040
02:58:56,-87.612,-96.040
02:59:06,-87.612,-96.040
02:59:16,-87.612,-96.040
02:59:26,-87.612,-96.040
02:59:36,-87.612,-96.040
02:59:46,-87.612,-96.040
02:59:56,-87.612,-96.040
03:00:06,-87.612,-96.040
03:00:16,-87.612,-96.040
03:00:26,-87.612,-96.039
03:00:37,-87.612,-96.040
03:00:47,-87.613,-96.040
03:00:57,-87.613,-96.040
03:01:07,-87.613,-96.040
03:01:17,-87.612,-96.040
03:01:27,-87.612,-96.040
03:01:37,-87.613,-96.040
03:01:47,-87.613,-96.040
03:01:57,-87.613,-96.039
03:02:07,-87.613,-96.039
03:02:17,-87.613,-96.039
03:02:27,-87.613,-96.039
03:02:37,-87.613,-96.039
03:02:47,-87.613,-96.039
03:02:57,-87.613,-96.039
03:03:07,-87.612,-96.039
03:03:17,-87.612,-96.039
03:03:27,-87.612,-96.039
03:03:37,-87.612,-96.039
03:03:47,-87.612,-96.039
03:03:57,-87.612,-96.039
03:04:07,-87.612,-96.039
03:04:17,-87.612,-96.039
03:04:27,-87.612,-96.039
03:04:37,-87.612,-96.039
03:04:47,-87.612,-96.039
03:04:57,-87.612,-96.039
03:05:07,-87.612,-96.039
03:05:17,-87.612,-96.039
03:05:27,-87.612,-96.039
03:05:37,-87.612,-96.039
03:05:47,-87.612,-96.039
03:05:57,-87.612,-96.039
03:06:07,-87.612,-96.039
03:06:18,-87.612,-96.039
03:06:28,-87.612,-96.039
03:06:38,-87.613,-96.039
03:06:48,-87.613,-96.039
03:06:58,-87.613,-96.039
03:07:08,-87.613,-96.039
03:07:18,-87.613,-96.039
03:07:28,-87.613,-96.039
03:07:38,-87.613,-96.039
03:07:48,-87.613,-96.038
03:07:58,-87.613,-96.038
03:08:08,-87.613,-96.038
03:08:18,-87.613,-96.038
03:08:28,-87.613,-96.039
03:08:38,-87.613,-96.038
03:08:48,-87.613,-96.038
03:08:58,-87.613,-96.038
03:09:08,-87.613,-96.038
03:09:18,-87.613,-96.038
03:09:28,-87.613,-96.038
03:09:38,-87.613,-96.038
03:09:48,-87.613,-96.038
03:09:58,-87.613,-96.038
03:10:08,-87.613,-96.038
03:10:18,-87.613,-96.038
03:10:28,-87.613,-96.038
03:10:38,-87.613,-96.038
03:10:48,-87.613,-96.038
03:10:58,-87.613,-96.038
03:11:08,-87.613,-96.038
03:11:18,-87.613,-96.038
03:11:28,-87.613,-96.038
03:11:38,-87.613,-96.038
03:11:48,-87.613,-96.038
03:11:59,-87.613,-96.038
03:12:09,-87.613,-96.038
03:12:19,-87.613,-96.038
03:12:29,-87.613,-96.038
03:12:39,-87.613,-96.038
03:12:49,-87.613,-96.038
03:12:59,-87.613,-96.038
03:13:09,-87.613,-96.038
03:13:19,-87.613,-96.038
03:13:29,-87.613,-96.038
03:13:39,-87.613,-96.038
03:13:49,-87.613,-96.038
03:13:59,-87.613,-96.038
03:14:09,-87.613,-96.038
03:14:19,-87.613,-96.038
03:14:29,-87.613,-96.038
03:14:39,-87.613,-96.038
03:14:49,-87.613,-96.038
03:14:59,-87.613,-96.038
03:15:09,-87.612,-96.038
03:15:19,-87.613,-96.038
03:15:29,-87.613,-96.038
03:15:39,-87.613,-96.038
03:15:49,-87.613,-96.038
03:15:59,-87.613,-96.038
03:16:09,-87.613,-96.038
03:16:19,-87.613,-96.038
03:16:29,-87.613,-96.038
03:16:39,-87.613,-96.038
03:16:49,-87.613,-96.038
03:16:59,-87.613,-96.038
03:17:09,-87.613,-96.038
03:17:19,-87.613,-96.037
03:17:30,-87.613,-96.038
03:17:40,-87.613,-96.037
03:17:50,-87.613,-96.037
03:18:00,-87.613,-96.037
03:18:10,-87.613,-96.037
03:18:20,-87.613,-96.037
03:18:30,-87.613,-96.037
03:18:40,-87.613,-96.037
03:18:50,-87.613,-96.037
03:19:00,-87.613,-96.037
03:19:10,-87.613,-96.037
03:19:20,-87.613,-96.037
03:19:30,-87.613,-96.037
03:19:40,-87.613,-96.037
03:19:50,-87.613,-96.037
03:20:00,-87.613,-96.037
03:20:10,-87.613,-96.037
03:20:20,-87.613,-96.037
03:20:30,-87.613,-96.037
03:20:40,-87.613,-96.037
03:20:50,-87.613,-96.037
03:21:00,-87.613,-96.037
03:21:10,-87.613,-96.037
03:21:20,-87.613,-96.037
03:21:30,-87.613,-96.037
03:21:40,-87.613,-96.037
03:21:50,-87.613,-96.037
03:22:00,-87.613,-96.037
03:22:10,-87.613,-96.037
03:22:20,-87.613,-96.037
03:22:30,-87.613,-96.037
03:22:40,-87.613,-96.037
03:22:50,-87.613,-96.037
03:23:00,-87.613,-96.037
03:23:10,-87.613,-96.037
03:23:21,-87.613,-96.037
03:23:31,-87.613,-96.037
03:23:41,-87.613,-96.037
03:23:51,-87.613,-96.037
03:24:01,-87.613,-96.037
03:24:11,-87.613,-96.037
03:24:21,-87.613,-96.037
03:24:31,-87.613,-96.037
03:24:41,-87.613,-96.037
03:24:51,-87.613,-96.037
03:25:01,-87.613,-96.037
03:25:11,-87.613,-96.037
03:25:21,-87.613,-96.037
03:25:31,-87.613,-96.037
03:25:41,-87.613,-96.037
03:25:51,-87.613,-96.037
03:26:01,-87.613,-96.037
03:26:11,-87.613,-96.037
03:26:21,-87.613,-96.037
03:26:31,-87.613,-96.037
03:26:41,-87.613,-96.037
03:26:51,-87.613,-96.037
03:27:01,-87.613,-96.037
03:27:11,-87.613,-96.037
03:27:21,-87.613,-96.037
03:27:31,-87.613,-96.037
03:27:41,-87.613,-96.037
03:27:51,-87.613,-96.037
03:28:01,-87.613,-96.037
03:28:11,-87.613,-96.037
03:28:21,-87.613,-96.037
03:28:31,-87.613,-96.037
03:28:41,-87.613,-96.037
03:28:51,-87.613,-96.037
03:29:01,-87.613,-96.037
03:29:11,-87.613,-96.036
03:29:21,-87.613,-96.036
03:29:31,-87.613,-96.036
03:29:41,-87.613,-96.036
03:29:51,-87.613,-96.036
03:30:02,-87.613,-96.036
03:30:12,-87.613,-96.036
03:30:22,-87.613,-96.037
03:30:32,-87.613,-96.037
03:30:42,-87.613,-96.037
03:30:52,-87.613,-96.037
03:31:02,-87.613,-96.037
03:31:12,-87.613,-96.037
03:31:22,-87.613,-96.037
03:31:32,-87.613,-96.037
03:31:42,-87.613,-96.037
03:31:52,-87.613,-96.036
03:32:02,-87.613,-96.036
03:32:12,-87.613,-96.036
03:32:22,-87.613,-96.036
03:32:32,-87.613,-96.036
03:32:42,-87.613,-96.036
03:32:52,-87.613,-96.036
03:33:02,-87.613,-96.036
03:33:12,-87.613,-96.036
03:33:22,-87.613,-96.036
03:33:32,-87.613,-96.036
03:33:42,-87.613,-96.036
03:33:52,-87.613,-96.036
03:34:02,-87.613,-96.036
03:34:12,-87.612,-96.036
03:34:22,-87.612,-96.036
03:34:32,-87.612,-96.036
03:34:42,-87.613,-96.036
03:34:52,-87.612,-96.036
03:35:02,-87.612,-96.036
03:35:12,-87.612,-96.036
03:35:22,-87.612,-96.036
03:35:32,-87.612,-96.036
03:35:42,-87.612,-96.036
03:35:52,-87.613,-96.036
03:36:03,-87.613,-96.036
03:36:13,-87.613,-96.036
03:36:23,-87.613,-96.036
03:36:33,-87.613,-96.036
03:36:43,-87.613,-96.036
03:36:53,-87.613,-96.036
03:37:03,-87.613,-96.036
03:37:13,-87.613,-96.036
03:37:23,-87.613,-96.036
03:37:33,-87.613,-96.036
03:37:43,-87.613,-96.036
03:37:53,-87.613,-96.036
03:38:03,-87.613,-96.036
03:38:13,-87.613,-96.036
03:38:23,-87.613,-96.036
03:38:33,-87.613,-96.036
03:38:43,-87.613,-96.036
03:38:53,-87.613,-96.036
03:39:03,-87.613,-96.036
03:39:13,-87.613,-96.036
03:39:23,-87.613,-96.036
03:39:33,-87.613,-96.036
03:39:43,-87.613,-96.036
03:39:53,-87.613,-96.036
03:40:03,-87.613,-96.036
03:40:13,-87.612,-96.036
03:40:23,-87.612,-96.036
03:40:33,-87.612,-96.036
03:40:43,-87.612,-96.036
03:40:53,-87.612,-96.036
03:41:03,-87.612,-96.036
03:41:14,-87.612,-96.036
03:41:24,-87.612,-96.036
03:41:34,-87.612,-96.036
03:41:44,-87.612,-96.036
03:41:54,-87.612,-96.036
03:42:04,-87.612,-96.036
03:42:14,-87.612,-96.036
03:42:24,-87.612,-96.036
03:42:34,-87.613,-96.036
03:42:44,-87.613,-96.036
03:42:54,-87.612,-96.036
03:43:04,-87.613,-96.036
03:43:14,-87.613,-96.036
03:43:24,-87.612,-96.036
03:43:34,-87.612,-96.036
03:43:44,-87.612,-96.036
03:43:54,-87.612,-96.036
03:44:04,-87.612,-96.036
03:44:14,-87.612,-96.036
03:44:24,-87.612,-96.036
03:44:34,-87.612,-96.036
03:44:44,-87.612,-96.036
03:44:54,-87.612,-96.036
03:45:04,-87.612,-96.036
03:45:14,-87.612,-96.036
03:45:24,-87.612,-96.036
03:45:34,-87.612,-96.036
03:45:44,-87.612,-96.036
03:45:54,-87.612,-96.036
03:46:04,-87.612,-96.036
03:46:14,-87.612,-96.036
03:46:24,-87.612,-96.036
03:46:34,-87.612,-96.036
03:46:44,-87.612,-96.036
03:46:54,-87.612,-96.036
03:47:04,-87.612,-96.036
03:47:15,-87.612,-96.036
03:47:25,-87.612,-96.036
03:47:35,-87.612,-96.036
03:47:45,-87.612,-96.036
03:47:55,-87.612,-96.036
03:48:05,-87.612,-96.036
03:48:15,-87.612,-96.036
03:48:25,-87.612,-96.036
03:48:35,-87.612,-96.036
03:48:45,-87.612,-96.035
03:48:55,-87.612,-96.035
03:49:05,-87.612,-96.036
03:49:15,-87.612,-96.036
03:49:25,-87.612,-96.036
03:49:35,-87.612,-96.036
03:49:45,-87.612,-96.036
03:49:55,-87.612,-96.036
03:50:05,-87.612,-96.035
03:50:15,-87.612,-96.036
03:50:25,-87.612,-96.036
03:50:35,-87.612,-96.036
03:50:45,-87.612,-96.036
03:50:55,-87.612,-96.036
03:51:05,-87.612,-96.036
03:51:15,-87.612,-96.036
03:51:25,-87.612,-96.036
03:51:35,-87.612,-96.036
03:51:45,-87.612,-96.036
03:51:55,-87.612,-96.036
03:52:05,-87.612,-96.036
03:52:15,-87.612,-96.036
03:52:26,-87.612,-96.036
03:52:36,-87.612,-96.036
03:52:46,-87.612,-96.036
03:52:56,-87.612,-96.036
03:53:06,-87.612,-96.036
03:53:16,-87.612,-96.036
03:53:26,-87.612,-96.036
03:53:36,-87.612,-96.036
03:53:46,-87.612,-96.036
03:53:56,-87.612,-96.036
03:54:06,-87.612,-96.036
03:54:16,-87.612,-96.036
03:54:26,-87.612,-96.036
03:54:36,-87.612,-96.036
03:54:46,-87.612,-96.036
03:54:56,-87.612,-96.036
03:55:06,-87.612,-96.036
03:55:16,-87.612,-96.036
03:55:26,-87.612,-96.036
03:55:36,-87.612,-96.036
03:55:46,-87.612,-96.036
03:55:56,-87.612,-96.036
03:56:06,-87.612,-96.036
03:56:16,-87.612,-96.036
03:56:26,-87.612,-96.036
03:56:36,-87.612,-96.036
03:56:46,-87.612,-96.036
03:56:56,-87.612,-96.036
03:57:06,-87.612,-96.036
03:57:16,-87.612,-96.036
03:57:26,-87.612,-96.036
03:57:36,-87.612,-96.036
03:57:46,-87.612,-96.036
03:57:56,-87.612,-96.036
03:58:06,-87.612,-96.036
03:58:17,-87.612,-96.036
03:58:27,-87.612,-96.036
03:58:37,-87.612,-96.036
03:58:47,-87.612,-96.036
03:58:57,-87.612,-96.036
03:59:07,-87.612,-96.036
03:59:17,-87.612,-96.036
03:59:27,-87.612,-96.036
03:59:37,-87.612,-96.036
03:59:47,-87.612,-96.036
03:59:57,-87.612,-96.036
04:00:07,-87.612,-96.036
04:00:17,-87.612,-96.036
04:00:27,-87.612,-96.036
04:00:37,-87.612,-96.036
04:00:47,-87.612,-96.036
04:00:57,-87.612,-96.036
04:01:07,-87.612,-96.036
04:01:17,-87.612,-96.036
04:01:27,-87.612,-96.036
04:01:37,-87.612,-96.036
04:01:47,-87.611,-96.036
04:01:57,-87.612,-96.036
04:02:07,-87.611,-96.036
04:02:17,-87.611,-96.036
04:02:27,-87.611,-96.036
04:02:37,-87.611,-96.036
04:02:47,-87.611,-96.036
04:02:57,-87.611,-96.036
04:03:07,-87.611,-96.036
04:03:17,-87.611,-96.036
04:03:27,-87.611,-96.036
04:03:37,-87.611,-96.036
04:03:47,-87.611,-96.036
04:03:57,-87.611,-96.036
04:04:08,-87.611,-96.036
04:04:18,-87.611,-96.036
04:04:28,-87.611,-96.035
04:04:38,-87.611,-96.036
04:04:48,-87.611,-96.036
04:04:58,-87.611,-96.036
04:05:08,-87.611,-96.036
04:05:18,-87.611,-96.036
04:05:28,-87.611,-96.036
04:05:38,-87.611,-96.036
04:05:48,-87.611,-96.036
04:05:58,-87.611,-96.036
04:06:08,-87.611,-96.036
04:06:18,-87.611,-96.036
04:06:28,-87.611,-96.036
04:06:38,-87.611,-96.036
04:06:48,-87.611,-96.036
04:06:58,-87.611,-96.036
04:07:08,-87.611,-96.036
04:07:18,-87.611,-96.036
04:07:28,-87.611,-96.036
04:07:38,-87.611,-96.036
04:07:48,-87.611,-96.036
04:07:58,-87.611,-96.036
04:08:08,-87.611,-96.036
04:08:18,-87.611,-96.036
04:08:28,-87.611,-96.036
04:08:38,-87.611,-96.036
04:08:48,-87.611,-96.036
04:08:58,-87.611,-96.035
04:09:08,-87.611,-96.035
04:09:18,-87.611,-96.035
04:09:28,-87.611,-96.035
04:09:38,-87.611,-96.035
04:09:48,-87.611,-96.035
04:09:59,-87.611,-96.035
04:10:09,-87.611,-96.035
04:10:19,-87.611,-96.035
04:10:29,-87.611,-96.035
04:10:39,-87.611,-96.035
04:10:49,-87.611,-96.035
04:10:59,-87.611,-96.035
04:11:09,-87.611,-96.035
04:11:19,-87.611,-96.035
04:11:29,-87.611,-96.035
04:11:39,-87.611,-96.035
04:11:49,-87.611,-96.035
04:11:59,-87.611,-96.035
04:12:09,-87.611,-96.035
04:12:19,-87.611,-96.035
04:12:29,-87.611,-96.035
04:12:39,-87.611,-96.035
04:12:49,-87.611,-96.035
04:12:59,-87.610,-96.035
04:13:09,-87.610,-96.035
04:13:19,-87.610,-96.035
04:13:29,-87.610,-96.035
04:13:39,-87.610,-96.035
04:13:49,-87.611,-96.035
04:13:59,-87.610,-96.035
04:14:09,-87.610,-96.035
04:14:19,-87.610,-96.035
04:14:29,-87.610,-96.035
04:14:39,-87.610,-96.035
04:14:49,-87.610,-96.035
04:14:59,-87.610,-96.035
04:15:10,-87.610,-96.035
04:15:20,-87.610,-96.035
04:15:30,-87.610,-96.035
04:15:40,-87.610,-96.035
04:15:50,-87.610,-96.035
04:16:00,-87.610,-96.035
04:16:10,-87.610,-96.035
04:16:20,-87.610,-96.035
04:16:30,-87.610,-96.035
04:16:40,-87.610,-96.035
04:16:50,-87.610,-96.035
04:17:00,-87.610,-96.035
04:17:10,-87.610,-96.035
04:17:20,-87.610,-96.035
04:17:30,-87.611,-96.035
04:17:40,-87.611,-96.035
04:17:50,-87.611,-96.035
04:18:00,-87.611,-96.035
04:18:10,-87.611,-96.035
04:18:20,-87.611,-96.035
04:18:30,-87.611,-96.035
04:18:40,-87.610,-96.035
04:18:50,-87.610,-96.035
04:19:00,-87.610,-96.035
04:19:10,-87.610,-96.035
04:19:20,-87.610,-96.035
04:19:30,-87.610,-96.035
04:19:40,-87.610,-96.035
04:19:50,-87.610,-96.035
04:20:00,-87.610,-96.035
04:20:10,-87.610,-96.035
04:20:20,-87.610,-96.035
04:20:30,-87.610,-96.035
04:20:40,-87.610,-96.035
04:20:51,-87.610,-96.035
04:21:01,-87.610,-96.035
04:21:11,-87.610,-96.035
04:21:21,-87.610,-96.035
04:21:31,-87.610,-96.035
04:21:41,-87.610,-96.035
04:21:51,-87.610,-96.035
04:22:01,-87.610,-96.035
04:22:11,-87.610,-96.035
04:22:21,-87.610,-96.035
04:22:31,-87.610,-96.035
04:22:41,-87.610,-96.035
04:22:51,-87.610,-96.035
04:23:01,-87.610,-96.035
04:23:11,-87.610,-96.035
04:23:21,-87.610,-96.035
04:23:31,-87.610,-96.035
04:23:41,-87.610,-96.035
04:23:51,-87.610,-96.035
04:24:01,-87.610,-96.035
04:24:11,-87.610,-96.035
04:24:21,-87.610,-96.035
04:24:31,-87.610,-96.035
04:24:41,-87.610,-96.035
04:24:51,-87.610,-96.035
04:25:01,-87.610,-96.035
04:25:11,-87.610,-96.035
04:25:21,-87.610,-96.035
04:25:31,-87.610,-96.034
04:25:41,-87.610,-96.034
04:25:51,-87.610,-96.034
04:26:01,-87.610,-96.034
04:26:11,-87.610,-96.034
04:26:21,-87.610,-96.034
04:26:32,-87.610,-96.034
04:26:42,-87.610,-96.034
04:26:52,-87.610,-96.034
04:27:02,-87.610,-96.034
04:27:12,-87.610,-96.034
04:27:22,-87.610,-96.034
04:27:32,-87.610,-96.034
04:27:42,-87.610,-96.034
04:27:52,-87.610,-96.034
04:28:02,-87.610,-96.034
04:28:12,-87.610,-96.034
04:28:22,-87.610,-96.034
04:28:32,-87.610,-96.034
04:28:42,-87.610,-96.034
04:28:52,-87.610,-96.034
04:29:02,-87.610,-96.034
04:29:12,-87.610,-96.034
04:29:22,-87.610,-96.034
04:29:32,-87.610,-96.034
04:29:42,-87.610,-96.034
04:29:52,-87.610,-96.034
04:30:02,-87.610,-96.034
04:30:12,-87.610,-96.034
04:30:22,-87.610,-96.034
04:30:32,-87.610,-96.034
04:30:42,-87.610,-96.034
04:30:52,-87.610,-96.034
04:31:02,-87.610,-96.034
04:31:12,-87.610,-96.034
04:31:22,-87.610,-96.034
04:31:32,-87.610,-96.034
04:31:42,-87.610,-96.034
04:31:53,-87.610,-96.034
04:32:03,-87.610,-96.034
04:32:13,-87.610,-96.034
04:32:23,-87.610,-96.034
04:32:33,-87.610,-96.034
04:32:43,-87.610,-96.034
04:32:53,-87.610,-96.034
04:33:03,-87.610,-96.034
04:33:13,-87.610,-96.034
04:33:23,-87.610,-96.034
04:33:33,-87.610,-96.034
04:33:43,-87.610,-96.034
04:33:53,-87.610,-96.034
04:34:03,-87.610,-96.034
04:34:13,-87.610,-96.034
04:34:23,-87.610,-96.034
04:34:33,-87.610,-96.034
04:34:43,-87.610,-96.034
04:34:53,-87.610,-96.034
04:35:03,-87.610,-96.034
04:35:13,-87.610,-96.034
04:35:23,-87.610,-96.034
04:35:33,-87.610,-96.034
04:35:43,-87.610,-96.034
04:35:53,-87.610,-96.034
04:36:03,-87.610,-96.034
04:36:13,-87.610,-96.034
04:36:23,-87.610,-96.034
04:36:33,-87.610,-96.034
04:36:43,-87.610,-96.034
04:36:53,-87.610,-96.034
04:37:03,-87.610,-96.034
04:37:13,-87.610,-96.034
04:37:23,-87.610,-96.034
04:37:33,-87.610,-96.033
04:37:43,-87.610,-96.033
04:37:53,-87.610,-96.034
04:38:04,-87.610,-96.034
04:38:14,-87.609,-96.034
04:38:24,-87.610,-96.034
04:38:34,-87.609,-96.034
04:38:44,-87.609,-96.034
04:38:54,-87.609,-96.034
04:39:04,-87.609,-96.034
04:39:14,-87.609,-96.034
04:39:24,-87.609,-96.034
04:39:34,-87.609,-96.034
04:39:44,-87.609,-96.034
04:39:54,-87.609,-96.034
04:40:04,-87.609,-96.033
04:40:14,-87.609,-96.034
04:40:24,-87.609,-96.034
04:40:34,-87.609,-96.034
04:40:44,-87.609,-96.034
04:40:54,-87.609,-96.034
04:41:04,-87.609,-96.034
04:41:14,-87.609,-96.034
04:41:24,-87.609,-96.034
04:41:34,-87.609,-96.034
04:41:44,-87.609,-96.034
04:41:54,-87.609,-96.034
04:42:04,-87.610,-96.034
04:42:14,-87.610,-96.034
04:42:24,-87.610,-96.034
04:42:34,-87.609,-96.034
04:42:44,-87.609,-96.034
04:42:54,-87.610,-96.034
04:43:04,-87.610,-96.034
04:43:14,-87.610,-96.034
04:43:24,-87.610,-96.034
04:43:35,-87.610,-96.034
04:43:45,-87.610,-96.034
04:43:55,-87.609,-96.034
04:44:05,-87.610,-96.034
04:44:15,-87.610,-96.034
04:44:25,-87.610,-96.034
04:44:35,-87.610,-96.034
04:44:45,-87.610,-96.034
04:44:55,-87.610,-96.034
04:45:05,-87.610,-96.034
04:45:15,-87.610,-96.034
04:45:25,-87.610,-96.034
04:45:35,-87.609,-96.034
04:45:45,-87.609,-96.034
04:45:55,-87.609,-96.034
04:46:05,-87.609,-96.034
04:46:15,-87.609,-96.034
04:46:25,-87.609,-96.034
04:46:35,-87.609,-96.034
04:46:45,-87.609,-96.034
04:46:55,-87.609,-96.034
04:47:05,-87.609,-96.034
04:47:15,-87.609,-96.034
04:47:25,-87.609,-96.034
04:47:35,-87.609,-96.034
04:47:45,-87.609,-96.034
04:47:55,-87.609,-96.034
04:48:05,-87.609,-96.034
04:48:15,-87.609,-96.034
04:48:25,-87.609,-96.034
04:48:35,-87.609,-96.034
04:48:45,-87.609,-96.034
04:48:55,-87.609,-96.034
04:49:05,-87.609,-96.034
04:49:16,-87.609,-96.034
04:49:26,-87.609,-96.034
04:49:36,-87.609,-96.034
04:49:46,-87.609,-96.034
04:49:56,-87.609,-96.034
04:50:06,-87.609,-96.034
04:50:16,-87.609,-96.034
04:50:26,-87.608,-96.034
04:50:36,-87.608,-96.034
04:50:46,-87.608,-96.034
04:50:56,-87.608,-96.034
04:51:06,-87.608,-96.034
04:51:16,-87.608,-96.034
04:51:26,-87.608,-96.034
04:51:36,-87.608,-96.034
04:51:46,-87.608,-96.034
04:51:56,-87.608,-96.034
04:52:06,-87.608,-96.034
04:52:16,-87.608,-96.034
04:52:26,-87.608,-96.034
04:52:36,-87.608,-96.034
04:52:46,-87.608,-96.034
04:52:56,-87.608,-96.034
04:53:06,-87.608,-96.034
04:53:16,-87.609,-96.034
04:53:26,-87.609,-96.034
04:53:36,-87.609,-96.034
04:53:46,-87.609,-96.034
04:53:56,-87.609,-96.034
04:54:06,-87.609,-96.034
04:54:16,-87.608,-96.034
04:54:27,-87.608,-96.034
04:54:37,-87.609,-96.034
04:54:47,-87.608,-96.034
04:54:57,-87.608,-96.034
04:55:07,-87.608,-96.034
04:55:17,-87.608,-96.034
04:55:27,-87.609,-96.034
04:55:37,-87.609,-96.034
04:55:47,-87.609,-96.034
04:55:57,-87.608,-96.034
04:56:07,-87.608,-96.034
04:56:17,-87.608,-96.034
04:56:27,-87.608,-96.034
04:56:37,-87.608,-96.034
04:56:47,-87.609,-96.034
04:56:57,-87.609,-96.034
04:57:07,-87.609,-96.034
04:57:17,-87.609,-96.034
04:57:27,-87.609,-96.034
04:57:37,-87.609,-96.034
04:57:47,-87.609,-96.034
04:57:57,-87.608,-96.034
04:58:07,-87.608,-96.034
04:58:17,-87.608,-96.034
04:58:27,-87.608,-96.034
04:58:37,-87.608,-96.034
04:58:47,-87.608,-96.034
04:58:57,-87.609,-96.034
04:59:07,-87.609,-96.034
04:59:17,-87.609,-96.034
04:59:27,-87.609,-96.034
04:59:37,-87.609,-96.034
04:59:47,-87.609,-96.034
04:59:58,-87.609,-96.034
05:00:08,-87.609,-96.034
05:00:18,-87.609,-96.034
05:00:28,-87.609,-96.034
05:00:38,-87.609,-96.034
05:00:48,-87.609,-96.034
05:00:58,-87.609,-96.034
05:01:08,-87.609,-96.034
05:01:18,-87.609,-96.034
05:01:28,-87.609,-96.034
05:01:38,-87.609,-96.034
05:01:48,-87.609,-96.034
05:01:58,-87.609,-96.034
05:02:08,-87.608,-96.034
05:02:18,-87.608,-96.034
05:02:28,-87.608,-96.034
05:02:38,-87.608,-96.034
05:02:48,-87.608,-96.034
05:02:58,-87.608,-96.033
05:03:08,-87.608,-96.034
05:03:18,-87.609,-96.034
05:03:28,-87.609,-96.034
05:03:38,-87.609,-96.034
05:03:48,-87.609,-96.034
05:03:58,-87.609,-96.034
05:04:08,-87.609,-96.034
05:04:18,-87.609,-96.034
05:04:28,-87.609,-96.034
05:04:38,-87.609,-96.034
05:04:48,-87.609,-96.034
05:04:58,-87.609,-96.034
05:05:09,-87.609,-96.034
05:05:19,-87.609,-96.034
05:05:29,-87.609,-96.033
05:05:39,-87.609,-96.034
05:05:49,-87.609,-96.034
05:05:59,-87.609,-96.034
05:06:09,-87.609,-96.034
05:06:19,-87.609,-96.034
05:06:29,-87.609,-96.034
05:06:39,-87.609,-96.034
05:06:49,-87.609,-96.034
05:06:59,-87.609,-96.034
05:07:09,-87.609,-96.034
05:07:19,-87.609,-96.034
05:07:29,-87.609,-96.034
05:07:39,-87.609,-96.034
05:07:49,-87.609,-96.034
05:07:59,-87.609,-96.034
05:08:09,-87.609,-96.034
05:08:19,-87.609,-96.034
05:08:29,-87.609,-96.034
05:08:39,-87.609,-96.034
05:08:49,-87.609,-96.034
05:08:59,-87.609,-96.034
05:09:09,-87.609,-96.034
05:09:19,-87.609,-96.034
05:09:29,-87.609,-96.034
05:09:39,-87.609,-96.034
05:09:49,-87.609,-96.034
05:09:59,-87.609,-96.034
05:10:09,-87.609,-96.034
05:10:19,-87.609,-96.034
05:10:30,-87.609,-96.034
05:10:40,-87.609,-96.034
05:10:50,-87.609,-96.034
05:11:00,-87.609,-96.034
05:11:10,-87.609,-96.034
05:11:20,-87.609,-96.034
05:11:30,-87.609,-96.034
05:11:40,-87.609,-96.034
05:11:50,-87.609,-96.034
05:12:00,-87.609,-96.034
05:12:10,-87.609,-96.034
05:12:20,-87.609,-96.034
05:12:30,-87.609,-96.034
05:12:40,-87.609,-96.034
05:12:50,-87.609,-96.034
05:13:00,-87.609,-96.034
05:13:10,-87.609,-96.034
05:13:20,-87.609,-96.034
05:13:30,-87.609,-96.034
05:13:40,-87.609,-96.034
05:13:50,-87.609,-96.034
05:14:00,-87.609,-96.034
05:14:10,-87.609,-96.034
05:14:20,-87.609,-96.034
05:14:30,-87.609,-96.034
05:14:40,-87.609,-96.034
05:14:50,-87.609,-96.034
05:15:00,-87.609,-96.034
05:15:10,-87.609,-96.034
05:15:20,-87.608,-96.034
05:15:30,-87.608,-96.034
05:15:40,-87.608,-96.034
05:15:50,-87.608,-96.034
05:16:00,-87.608,-96.034
05:16:11,-87.609,-96.034
05:16:21,-87.608,-96.034
05:16:31,-87.609,-96.034
05:16:41,-87.608,-96.034
05:16:51,-87.608,-96.034
05:17:01,-87.608,-96.034
05:17:11,-87.608,-96.034
05:17:21,-87.608,-96.034
05:17:31,-87.608,-96.034
05:17:41,-87.608,-96.034
05:17:51,-87.608,-96.034
05:18:01,-87.608,-96.034
05:18:11,-87.608,-96.034
05:18:21,-87.608,-96.035
05:18:31,-87.608,-96.034
05:18:41,-87.608,-96.034
05:18:51,-87.608,-96.034
05:19:01,-87.608,-96.034
05:19:11,-87.608,-96.034
05:19:21,-87.608,-96.034
05:19:31,-87.608,-96.034
05:19:41,-87.608,-96.034
05:19:51,-87.608,-96.034
05:20:01,-87.608,-96.034
05:20:11,-87.608,-96.034
05:20:21,-87.608,-96.034
05:20:31,-87.608,-96.034
05:20:41,-87.608,-96.034
05:20:51,-87.608,-96.034
05:21:01,-87.608,-96.034
05:21:11,-87.608,-96.034
05:21:21,-87.608,-96.034
05:21:31,-87.608,-96.034
05:21:42,-87.608,-96.034
05:21:52,-87.608,-96.034
05:22:02,-87.608,-96.034
05:22:12,-87.608,-96.034
05:22:22,-87.608,-96.034
05:22:32,-87.608,-96.034
05:22:42,-87.608,-96.034
05:22:52,-87.608,-96.034
05:23:02,-87.608,-96.034
05:23:12,-87.608,-96.034
05:23:22,-87.608,-96.034
05:23:32,-87.608,-96.034
05:23:42,-87.608,-96.034
05:23:52,-87.608,-96.034
05:24:02,-87.608,-96.034
05:24:12,-87.608,-96.034
05:24:22,-87.608,-96.034
05:24:32,-87.608,-96.034
05:24:42,-87.608,-96.034
05:24:52,-87.608,-96.034
05:25:02,-87.608,-96.034
05:25:12,-87.608,-96.034
05:25:22,-87.608,-96.034
05:25:32,-87.608,-96.034
05:25:42,-87.608,-96.034
05:25:52,-87.608,-96.034
05:26:02,-87.608,-96.034
05:26:12,-87.608,-96.034
05:26:22,-87.607,-96.034
05:26:32,-87.608,-96.034
05:26:42,-87.608,-96.034
05:26:52,-87.608,-96.034
05:27:02,-87.608,-96.034
05:27:13,-87.608,-96.034
05:27:23,-87.608,-96.034
05:27:33,-87.608,-96.034
05:27:43,-87.608,-96.034
05:27:53,-87.608,-96.034
05:28:03,-87.608,-96.034
05:28:13,-87.608,-96.034
05:28:23,-87.608,-96.034
05:28:33,-87.608,-96.034
05:28:43,-87.608,-96.034
05:28:53,-87.608,-96.034
05:29:03,-87.608,-96.034
05:29:13,-87.608,-96.034
05:29:23,-87.608,-96.034
05:29:33,-87.608,-96.034
05:29:43,-87.608,-96.034
05:29:53,-87.608,-96.034
05:30:03,-87.608,-96.034
05:30:13,-87.608,-96.034
05:30:23,-87.608,-96.034
05:30:33,-87.608,-96.034
05:30:43,-87.608,-96.034
05:30:53,-87.608,-96.034
05:31:03,-87.608,-96.034
05:31:13,-87.608,-96.034
05:31:23,-87.608,-96.034
05:31:33,-87.608,-96.034
05:31:43,-87.608,-96.034
05:31:53,-87.608,-96.034
05:32:03,-87.608,-96.034
05:32:13,-87.608,-96.034
05:32:23,-87.608,-96.034
05:32:33,-87.608,-96.034
05:32:44,-87.608,-96.034
05:32:54,-87.608,-96.034
05:33:04,-87.608,-96.034
05:33:14,-87.608,-96.034
05:33:24,-87.608,-96.034
05:33:34,-87.608,-96.034
05:33:44,-87.608,-96.034
05:33:54,-87.608,-96.034
05:34:04,-87.608,-96.034
05:34:14,-87.608,-96.034
05:34:24,-87.608,-96.034
05:34:34,-87.608,-96.034
05:34:44,-87.608,-96.033
05:34:54,-87.608,-96.034
05:35:04,-87.608,-96.033
05:35:14,-87.608,-96.034
05:35:24,-87.608,-96.033
05:35:34,-87.608,-96.033
05:35:44,-87.608,-96.033
05:35:54,-87.608,-96.033
05:36:04,-87.608,-96.033
05:36:14,-87.608,-96.033
05:36:24,-87.608,-96.033
05:36:34,-87.608,-96.033
05:36:44,-87.608,-96.033
05:36:54,-87.608,-96.033
05:37:04,-87.608,-96.033
05:37:14,-87.608,-96.033
05:37:24,-87.608,-96.033
05:37:34,-87.608,-96.033
05:37:44,-87.608,-96.033
05:37:55,-87.608,-96.033
05:38:05,-87.608,-96.033
05:38:15,-87.608,-96.034
05:38:25,-87.608,-96.034
05:38:35,-87.608,-96.033
05:38:45,-87.608,-96.033
05:38:55,-87.608,-96.033
05:39:05,-87.608,-96.033
05:39:15,-87.608,-96.033
05:39:25,-87.608,-96.033
05:39:35,-87.608,-96.033
05:39:45,-87.608,-96.033
05:39:55,-87.608,-96.033
05:40:05,-87.608,-96.033
05:40:15,-87.608,-96.033
05:40:25,-87.609,-96.033
05:40:35,-87.609,-96.033
05:40:45,-87.609,-96.033
05:40:55,-87.609,-96.033
05:41:05,-87.609,-96.033
05:41:15,-87.609,-96.033
05:41:25,-87.609,-96.033
05:41:35,-87.609,-96.033
05:41:45,-87.609,-96.033
05:41:55,-87.609,-96.033
05:42:05,-87.609,-96.033
05:42:15,-87.609,-96.033
05:42:25,-87.609,-96.033
05:42:35,-87.609,-96.033
05:42:45,-87.609,-96.033
05:42:55,-87.608,-96.033
05:43:05,-87.609,-96.033
05:43:15,-87.608,-96.033
05:43:25,-87.608,-96.033
05:43:36,-87.608,-96.033
05:43:46,-87.608,-96.033
05:43:56,-87.608,-96.033
05:44:06,-87.608,-96.033
05:44:16,-87.608,-96.033
05:44:26,-87.609,-96.033
05:44:36,-87.609,-96.033
05:44:46,-87.609,-96.033
05:44:56,-87.609,-96.033
05:45:06,-87.609,-96.033
05:45:16,-87.609,-96.033
05:45:26,-87.609,-96.033
05:45:36,-87.609,-96.033
05:45:46,-87.609,-96.033
05:45:56,-87.608,-96.033
05:46:06,-87.609,-96.033
05:46:16,-87.609,-96.033
05:46:26,-87.608,-96.033
05:46:36,-87.609,-96.033
05:46:46,-87.609,-96.033
05:46:56,-87.609,-96.033
05:47:06,-87.609,-96.033
05:47:16,-87.609,-96.033
05:47:26,-87.608,-96.033
05:47:36,-87.609,-96.033
05:47:46,-87.609,-96.033
05:47:56,-87.608,-96.033
05:48:06,-87.608,-96.033
05:48:16,-87.608,-96.033
05:48:26,-87.608,-96.033
05:48:36,-87.608,-96.033
05:48:46,-87.608,-96.033
05:48:56,-87.608,-96.033
05:49:06,-87.608,-96.033
05:49:17,-87.608,-96.033
05:49:27,-87.608,-96.033
05:49:37,-87.608,-96.033
05:49:47,-87.608,-96.033
05:49:57,-87.608,-96.033
05:50:07,-87.608,-96.033
05:50:17,-87.608,-96.033
05:50:27,-87.608,-96.032
05:50:37,-87.608,-96.033
05:50:47,-87.608,-96.033
05:50:57,-87.608,-96.033
05:51:07,-87.608,-96.033
05:51:17,-87.608,-96.033
05:51:27,-87.608,-96.032
05:51:37,-87.608,-96.033
05:51:47,-87.608,-96.033
05:51:57,-87.608,-96.032
05:52:07,-87.608,-96.032
05:52:17,-87.608,-96.032
05:52:27,-87.608,-96.032
05:52:37,-87.608,-96.032
05:52:47,-87.608,-96.032
05:52:57,-87.608,-96.032
05:53:07,-87.608,-96.032
05:53:17,-87.608,-96.032
05:53:27,-87.608,-96.033
05:53:37,-87.608,-96.033
05:53:47,-87.608,-96.033
05:53:57,-87.608,-96.033
05:54:07,-87.608,-96.033
05:54:17,-87.608,-96.033
05:54:27,-87.608,-96.033
05:54:37,-87.608,-96.033
05:54:47,-87.608,-96.033
05:54:57,-87.607,-96.033
05:55:07,-87.607,-96.033
05:55:18,-87.607,-96.033
05:55:28,-87.607,-96.033
05:55:38,-87.607,-96.033
05:55:48,-87.608,-96.033
05:55:58,-87.608,-96.033
05:56:08,-87.608,-96.033
05:56:18,-87.608,-96.033
05:56:28,-87.607,-96.033
05:56:38,-87.607,-96.033
05:56:48,-87.607,-96.033
05:56:58,-87.607,-96.033
05:57:08,-87.607,-96.033
05:57:18,-87.607,-96.033
05:57:28,-87.607,-96.033
05:57:38,-87.607,-96.033
05:57:48,-87.607,-96.033
05:57:58,-87.607,-96.033
05:58:08,-87.607,-96.033
05:58:18,-87.607,-96.033
05:58:28,-87.607,-96.033
05:58:38,-87.607,-96.033
05:58:48,-87.607,-96.033
05:58:58,-87.607,-96.033
05:59:08,-87.607,-96.033
05:59:18,-87.607,-96.033
05:59:28,-87.607,-96.033
05:59:38,-87.607,-96.033
05:59:48,-87.607,-96.033
05:59:58,-87.607,-96.032
06:00:08,-87.607,-96.032
06:00:18,-87.607,-96.032
06:00:28,-87.607,-96.032
06:00:38,-87.607,-96.032
06:00:49,-87.607,-96.032
06:00:59,-87.607,-96.032
06:01:09,-87.607,-96.032
06:01:19,-87.607,-96.032
06:01:29,-87.607,-96.032
06:01:39,-87.607,-96.032
06:01:49,-87.607,-96.032
06:01:59,-87.607,-96.032
06:02:09,-87.607,-96.032
06:02:19,-87.607,-96.033
06:02:29,-87.607,-96.032
06:02:39,-87.607,-96.032
06:02:49,-87.607,-96.032
06:02:59,-87.607,-96.033
06:03:09,-87.607,-96.033
06:03:19,-87.607,-96.033
06:03:29,-87.607,-96.033
06:03:39,-87.607,-96.033
06:03:49,-87.607,-96.033
06:03:59,-87.607,-96.033
06:04:09,-87.607,-96.033
06:04:19,-87.607,-96.033
06:04:29,-87.607,-96.033
06:04:39,-87.607,-96.033
06:04:49,-87.607,-96.033
06:04:59,-87.606,-96.033
06:05:09,-87.606,-96.033
06:05:19,-87.606,-96.033
06:05:29,-87.607,-96.032
06:05:39,-87.606,-96.032
06:05:49,-87.607,-96.032
06:05:59,-87.607,-96.033
06:06:09,-87.606,-96.032
06:06:19,-87.607,-96.033
06:06:29,-87.606,-96.033
06:06:39,-87.606,-96.033
06:06:49,-87.606,-96.033
06:06:59,-87.606,-96.033
06:07:09,-87.606,-96.033
06:07:19,-87.606,-96.033
06:07:29,-87.606,-96.033
06:07:40,-87.606,-96.033
06:07:50,-87.606,-96.033
06:08:00,-87.606,-96.033
06:08:10,-87.606,-96.033
06:08:20,-87.606,-96.033
06:08:30,-87.606,-96.033
06:08:40,-87.606,-96.033
06:08:50,-87.606,-96.033
06:09:00,-87.606,-96.033
06:09:10,-87.606,-96.033
06:09:20,-87.606,-96.033
06:09:30,-87.606,-96.033
06:09:40,-87.606,-96.033
06:09:50,-87.606,-96.033
06:10:00,-87.606,-96.033
06:10:10,-87.606,-96.033
06:10:20,-87.606,-96.033
06:10:30,-87.606,-96.033
06:10:40,-87.606,-96.033
06:10:50,-87.606,-96.033
06:11:00,-87.606,-96.033
06:11:10,-87.606,-96.033
06:11:20,-87.606,-96.033
06:11:30,-87.606,-96.033
06:11:40,-87.606,-96.033
06:11:50,-87.606,-96.033
06:12:00,-87.606,-96.033
06:12:10,-87.606,-96.033
06:12:20,-87.606,-96.033
06:12:30,-87.606,-96.033
06:12:40,-87.606,-96.033
06:12:51,-87.606,-96.033
06:13:01,-87.606,-96.033
06:13:11,-87.606,-96.033
06:13:21,-87.606,-96.033
06:13:31,-87.606,-96.033
06:13:41,-87.606,-96.033
06:13:51,-87.605,-96.033
06:14:01,-87.606,-96.033
06:14:11,-87.606,-96.033
06:14:21,-87.606,-96.033
06:14:31,-87.606,-96.033
06:14:41,-87.606,-96.033
06:14:51,-87.606,-96.033
06:15:01,-87.605,-96.033
06:15:11,-87.606,-96.033
06:15:21,-87.605,-96.033
06:15:31,-87.605,-96.033
06:15:41,-87.605,-96.033
06:15:51,-87.606,-96.033
06:16:01,-87.606,-96.033
06:16:11,-87.605,-96.033
06:16:21,-87.605,-96.033
06:16:31,-87.605,-96.033
06:16:41,-87.605,-96.033
06:16:51,-87.606,-96.033
06:17:01,-87.606,-96.033
06:17:11,-87.606,-96.033
06:17:21,-87.606,-96.033
06:17:31,-87.606,-96.033
06:17:41,-87.606,-96.033
06:17:51,-87.605,-96.033
06:18:01,-87.605,-96.033
06:18:12,-87.605,-96.033
06:18:22,-87.605,-96.033
06:18:32,-87.605,-96.033
06:18:42,-87.605,-96.033
06:18:52,-87.605,-96.033
06:19:02,-87.605,-96.033
06:19:12,-87.606,-96.033
06:19:22,-87.606,-96.033
06:19:32,-87.606,-96.033
06:19:42,-87.606,-96.033
06:19:52,-87.606,-96.033
06:20:02,-87.606,-96.033
06:20:12,-87.606,-96.033
06:20:22,-87.606,-96.033
06:20:32,-87.606,-96.033
06:20:42,-87.606,-96.033
06:20:52,-87.606,-96.033
06:21:02,-87.606,-96.033
06:21:12,-87.606,-96.033
06:21:22,-87.606,-96.033
06:21:32,-87.606,-96.033
06:21:42,-87.606,-96.033
06:21:52,-87.606,-96.033
06:22:02,-87.606,-96.033
06:22:12,-87.606,-96.033
06:22:22,-87.606,-96.033
06:22:32,-87.606,-96.033
06:22:42,-87.606,-96.033
06:22:52,-87.606,-96.033
06:23:02,-87.606,-96.033
06:23:12,-87.605,-96.033
06:23:22,-87.605,-96.033
06:23:32,-87.605,-96.033
06:23:42,-87.605,-96.033
06:23:52,-87.605,-96.033
06:24:03,-87.605,-96.033
06:24:13,-87.605,-96.033
06:24:23,-87.605,-96.033
06:24:33,-87.605,-96.033
06:24:43,-87.605,-96.033
06:24:53,-87.605,-96.033
06:25:03,-87.605,-96.033
06:25:13,-87.606,-96.033
06:25:23,-87.606,-96.033
06:25:33,-87.606,-96.033
06:25:43,-87.606,-96.033
06:25:53,-87.606,-96.033
06:26:03,-87.606,-96.033
06:26:13,-87.606,-96.033
06:26:23,-87.606,-96.033
06:26:33,-87.606,-96.033
06:26:43,-87.606,-96.033
06:26:53,-87.606,-96.033
06:27:03,-87.606,-96.033
06:27:13,-87.606,-96.033
06:27:23,-87.606,-96.033
06:27:33,-87.606,-96.033
06:27:43,-87.606,-96.033
06:27:53,-87.605,-96.033
06:28:03,-87.605,-96.033
06:28:13,-87.605,-96.033
06:28:23,-87.606,-96.033
06:28:33,-87.606,-96.033
06:28:43,-87.606,-96.033
06:28:53,-87.606,-96.033
06:29:03,-87.606,-96.033
06:29:13,-87.606,-96.033
06:29:24,-87.606,-96.033
06:29:34,-87.606,-96.033
06:29:44,-87.606,-96.033
06:29:54,-87.606,-96.033
06:30:04,-87.606,-96.032
06:30:14,-87.606,-96.032
06:30:24,-87.605,-96.032
06:30:34,-87.605,-96.032
06:30:44,-87.605,-96.032
06:30:54,-87.605,-96.032
06:31:04,-87.605,-96.032
06:31:14,-87.605,-96.032
06:31:24,-87.605,-96.032
06:31:34,-87.605,-96.032
06:31:44,-87.605,-96.032
06:31:54,-87.605,-96.032
06:32:04,-87.605,-96.032
06:32:14,-87.605,-96.032
06:32:24,-87.605,-96.032
06:32:34,-87.605,-96.032
06:32:44,-87.605,-96.032
06:32:54,-87.605,-96.032
06:33:04,-87.605,-96.032
06:33:14,-87.606,-96.032
06:33:24,-87.605,-96.032
06:33:34,-87.605,-96.032
06:33:44,-87.605,-96.032
06:33:54,-87.605,-96.032
06:34:04,-87.606,-96.032
06:34:14,-87.605,-96.032
06:34:24,-87.605,-96.032
06:34:34,-87.605,-96.032
06:34:44,-87.606,-96.032
06:34:55,-87.605,-96.032
06:35:05,-87.605,-96.032
06:35:15,-87.605,-96.032
06:35:25,-87.606,-96.032
06:35:35,-87.606,-96.032
06:35:45,-87.606,-96.032
06:35:55,-87.606,-96.032
06:36:05,-87.606,-96.032
06:36:15,-87.606,-96.032
06:36:25,-87.606,-96.032
06:36:35,-87.606,-96.032
06:36:45,-87.606,-96.032
06:36:55,-87.606,-96.032
06:37:05,-87.606,-96.032
06:37:15,-87.606,-96.032
06:37:25,-87.606,-96.032
06:37:35,-87.606,-96.032
06:37:45,-87.606,-96.032
06:37:55,-87.606,-96.032
06:38:05,-87.606,-96.032
06:38:15,-87.606,-96.032
06:38:25,-87.606,-96.032
06:38:35,-87.606,-96.032
06:38:45,-87.606,-96.032
06:38:55,-87.606,-96.032
06:39:05,-87.606,-96.032
06:39:15,-87.606,-96.032
06:39:25,-87.606,-96.032
06:39:35,-87.605,-96.032
06:39:45,-87.605,-96.032
06:39:55,-87.605,-96.032
06:40:05,-87.605,-96.032
06:40:15,-87.605,-96.032
06:40:25,-87.606,-96.032
06:40:36,-87.605,-96.032
06:40:46,-87.605,-96.032
06:40:56,-87.605,-96.032
06:41:06,-87.605,-96.032
06:41:16,-87.605,-96.032
06:41:26,-87.605,-96.032
06:41:36,-87.605,-96.032
06:41:46,-87.605,-96.032
06:41:56,-87.605,-96.032
06:42:06,-87.605,-96.032
06:42:16,-87.606,-96.032
06:42:26,-87.606,-96.032
06:42:36,-87.606,-96.032
06:42:46,-87.606,-96.032
06:42:56,-87.605,-96.032
06:43:06,-87.605,-96.032
06:43:16,-87.605,-96.032
06:43:26,-87.605,-96.032
06:43:36,-87.605,-96.032
06:43:46,-87.605,-96.032
06:43:56,-87.605,-96.032
06:44:06,-87.605,-96.032
06:44:16,-87.605,-96.032
06:44:26,-87.605,-96.032
06:44:36,-87.605,-96.032
06:44:46,-87.606,-96.032
06:44:56,-87.606,-96.032
06:45:06,-87.606,-96.032
06:45:16,-87.606,-96.032
06:45:26,-87.606,-96.032
06:45:36,-87.605,-96.032
06:45:46,-87.605,-96.032
06:45:57,-87.605,-96.032
06:46:07,-87.605,-96.032
06:46:17,-87.605,-96.032
06:46:27,-87.605,-96.032
06:46:37,-87.605,-96.032
06:46:47,-87.605,-96.032
06:46:57,-87.605,-96.032
06:47:07,-87.605,-96.032
06:47:17,-87.605,-96.032
06:47:27,-87.605,-96.032
06:47:37,-87.605,-96.032
06:47:47,-87.605,-96.032
06:47:57,-87.605,-96.032
06:48:07,-87.605,-96.032
06:48:17,-87.605,-96.032
06:48:27,-87.605,-96.032
06:48:37,-87.605,-96.032
06:48:47,-87.605,-96.032
06:48:57,-87.605,-96.032
06:49:07,-87.605,-96.032
06:49:17,-87.605,-96.032
06:49:27,-87.605,-96.032
06:49:37,-87.605,-96.032
06:49:47,-87.605,-96.032
06:49:57,-87.605,-96.032
06:50:07,-87.605,-96.032
06:50:17,-87.605,-96.032
06:50:27,-87.605,-96.032
06:50:37,-87.605,-96.032
06:50:47,-87.605,-96.032
06:50:57,-87.605,-96.032
06:51:07,-87.605,-96.032
06:51:17,-87.605,-96.032
06:51:28,-87.605,-96.032
06:51:38,-87.605,-96.032
06:51:48,-87.605,-96.032
06:51:58,-87.605,-96.032
06:52:08,-87.605,-96.032
06:52:18,-87.605,-96.032
06:52:28,-87.605,-96.032
06:52:38,-87.605,-96.032
06:52:48,-87.605,-96.032
06:52:58,-87.605,-96.032
06:53:08,-87.605,-96.032
06:53:18,-87.605,-96.032
06:53:28,-87.605,-96.032
06:53:38,-87.605,-96.032
06:53:48,-87.605,-96.032
06:53:58,-87.605,-96.032
06:54:08,-87.605,-96.032
06:54:18,-87.605,-96.032
06:54:28,-87.605,-96.032
06:54:38,-87.605,-96.032
06:54:48,-87.605,-96.032
06:54:58,-87.605,-96.032
06:55:08,-87.605,-96.032
06:55:18,-87.605,-96.032
06:55:28,-87.605,-96.032
06:55:38,-87.605,-96.032
06:55:48,-87.605,-96.032
06:55:58,-87.605,-96.032
06:56:08,-87.605,-96.032
06:56:18,-87.605,-96.032
06:56:28,-87.605,-96.032
06:56:38,-87.605,-96.032
06:56:49,-87.605,-96.032
06:56:59,-87.605,-96.032
06:57:09,-87.605,-96.032
06:57:19,-87.605,-96.032
06:57:29,-87.605,-96.032
06:57:39,-87.605,-96.032
06:57:49,-87.605,-96.032
06:57:59,-87.605,-96.032
06:58:09,-87.605,-96.032
06:58:19,-87.605,-96.032
06:58:29,-87.605,-96.032
06:58:39,-87.605,-96.032
06:58:49,-87.605,-96.032
06:58:59,-87.605,-96.032
06:59:09,-87.605,-96.032
06:59:19,-87.605,-96.032
06:59:29,-87.605,-96.032
06:59:39,-87.605,-96.032
06:59:49,-87.605,-96.032
06:59:59,-87.605,-96.032
07:00:09,-87.605,-96.032
07:00:19,-87.605,-96.032
07:00:29,-87.605,-96.032
07:00:39,-87.605,-96.032
07:00:49,-87.605,-96.032
07:00:59,-87.605,-96.032
07:01:09,-87.605,-96.032
07:01:19,-87.605,-96.032
07:01:29,-87.605,-96.031
07:01:39,-87.605,-96.031
07:01:49,-87.605,-96.031
07:01:59,-87.605,-96.031
07:02:10,-87.606,-96.031
07:02:20,-87.606,-96.031
07:02:30,-87.606,-96.031
07:02:40,-87.606,-96.032
07:02:50,-87.606,-96.032
07:03:00,-87.605,-96.032
07:03:10,-87.606,-96.032
07:03:20,-87.606,-96.032
07:03:30,-87.606,-96.032
07:03:40,-87.606,-96.032
07:03:50,-87.606,-96.032
07:04:00,-87.606,-96.032
07:04:10,-87.606,-96.032
07:04:20,-87.606,-96.032
07:04:30,-87.606,-96.032
07:04:40,-87.606,-96.032
07:04:50,-87.606,-96.032
07:05:00,-87.605,-96.032
07:05:10,-87.605,-96.032
07:05:20,-87.605,-96.032
07:05:30,-87.605,-96.032
07:05:40,-87.605,-96.032
07:05:50,-87.605,-96.032
07:06:00,-87.605,-96.032
07:06:10,-87.605,-96.032
07:06:20,-87.605,-96.032
07:06:30,-87.605,-96.032
07:06:40,-87.605,-96.032
07:06:50,-87.606,-96.032
07:07:00,-87.606,-96.032
07:07:10,-87.605,-96.032
07:07:20,-87.606,-96.032
07:07:30,-87.606,-96.032
07:07:40,-87.606,-96.032
07:07:51,-87.606,-96.032
07:08:01,-87.606,-96.032
07:08:11,-87.606,-96.032
07:08:21,-87.606,-96.032
07:08:31,-87.606,-96.032
07:08:41,-87.605,-96.032
07:08:51,-87.605,-96.032
07:09:01,-87.605,-96.032
07:09:11,-87.605,-96.032
07:09:21,-87.605,-96.032
07:09:31,-87.605,-96.032
07:09:41,-87.605,-96.032
07:09:51,-87.605,-96.032
07:10:01,-87.605,-96.032
07:10:11,-87.606,-96.032
07:10:21,-87.606,-96.032
07:10:31,-87.606,-96.032
07:10:41,-87.606,-96.032
07:10:51,-87.606,-96.031
07:11:01,-87.606,-96.031
07:11:11,-87.606,-96.031
07:11:21,-87.605,-96.031
07:11:31,-87.605,-96.031
07:11:41,-87.606,-96.031
07:11:51,-87.606,-96.031
07:12:01,-87.606,-96.031
07:12:11,-87.606,-96.031
07:12:21,-87.606,-96.031
07:12:31,-87.606,-96.031
07:12:41,-87.606,-96.031
07:12:51,-87.606,-96.031
07:13:01,-87.606,-96.031
07:13:11,-87.606,-96.031
07:13:22,-87.606,-96.031
07:13:32,-87.606,-96.031
07:13:42,-87.606,-96.031
07:13:52,-87.606,-96.031
07:14:02,-87.606,-96.031
07:14:12,-87.606,-96.031
07:14:22,-87.606,-96.031
07:14:32,-87.606,-96.031
07:14:42,-87.605,-96.031
07:14:52,-87.606,-96.031
07:15:02,-87.605,-96.031
07:15:12,-87.605,-96.031
07:15:22,-87.605,-96.031
07:15:32,-87.605,-96.031
07:15:42,-87.605,-96.031
07:15:52,-87.605,-96.031
07:16:02,-87.605,-96.031
07:16:12,-87.605,-96.031
07:16:22,-87.605,-96.031
07:16:32,-87.605,-96.031
07:16:42,-87.605,-96.031
07:16:52,-87.605,-96.031
07:17:02,-87.605,-96.031
07:17:12,-87.605,-96.031
07:17:22,-87.605,-96.031
07:17:32,-87.605,-96.031
07:17:42,-87.605,-96.031
07:17:52,-87.605,-96.031
07:18:02,-87.605,-96.031
07:18:12,-87.606,-96.031
07:18:22,-87.606,-96.031
07:18:32,-87.605,-96.031
07:18:42,-87.605,-96.031
07:18:52,-87.605,-96.031
07:19:03,-87.605,-96.031
07:19:13,-87.605,-96.031
07:19:23,-87.605,-96.031
07:19:33,-87.605,-96.031
07:19:43,-87.605,-96.031
07:19:53,-87.606,-96.031
07:20:03,-87.606,-96.031
07:20:13,-87.606,-96.031
07:20:23,-87.606,-96.031
07:20:33,-87.606,-96.031
07:20:43,-87.606,-96.031
07:20:53,-87.606,-96.031
07:21:03,-87.606,-96.031
07:21:13,-87.606,-96.031
07:21:23,-87.606,-96.031
07:21:33,-87.606,-96.030
07:21:43,-87.606,-96.030
07:21:53,-87.606,-96.030
07:22:03,-87.606,-96.031
07:22:13,-87.606,-96.031
07:22:23,-87.606,-96.031
07:22:33,-87.606,-96.031
07:22:43,-87.606,-96.030
07:22:53,-87.606,-96.030
07:23:03,-87.606,-96.030
07:23:13,-87.606,-96.030
07:23:23,-87.606,-96.030
07:23:33,-87.606,-96.031
07:23:43,-87.605,-96.031
07:23:53,-87.605,-96.031
07:24:03,-87.605,-96.031
07:24:13,-87.605,-96.031
07:24:24,-87.605,-96.031
07:24:34,-87.605,-96.031
07:24:44,-87.605,-96.031
07:24:54,-87.605,-96.031
07:25:04,-87.605,-96.031
07:25:14,-87.605,-96.031
07:25:24,-87.605,-96.030
07:25:34,-87.605,-96.030
07:25:44,-87.605,-96.030
07:25:54,-87.605,-96.030
07:26:04,-87.605,-96.030
07:26:14,-87.606,-96.030
07:26:24,-87.606,-96.030
07:26:34,-87.606,-96.030
07:26:44,-87.606,-96.030
07:26:54,-87.606,-96.031
07:27:04,-87.605,-96.030
07:27:14,-87.605,-96.030
07:27:24,-87.605,-96.030
07:27:34,-87.605,-96.031
07:27:44,-87.605,-96.031
07:27:54,-87.605,-96.031
07:28:04,-87.606,-96.031
07:28:14,-87.606,-96.031
07:28:24,-87.606,-96.030
07:28:34,-87.606,-96.030
07:28:44,-87.606,-96.030
07:28:54,-87.606,-96.030
07:29:04,-87.606,-96.030
07:29:14,-87.605,-96.030
07:29:24,-87.606,-96.030
07:29:34,-87.605,-96.030
07:29:44,-87.605,-96.030
07:29:54,-87.606,-96.030
07:30:04,-87.606,-96.030
07:30:14,-87.606,-96.030
07:30:24,-87.606,-96.030
07:30:34,-87.606,-96.030
07:30:44,-87.605,-96.030
07:30:55,-87.606,-96.030
07:31:05,-87.606,-96.030
07:31:15,-87.606,-96.030
07:31:25,-87.606,-96.030
07:31:35,-87.605,-96.030
07:31:45,-87.605,-96.030
07:31:55,-87.605,-96.030
07:32:05,-87.605,-96.030
07:32:15,-87.605,-96.030
07:32:25,-87.605,-96.030
07:32:35,-87.605,-96.030
07:32:45,-87.605,-96.030
07:32:55,-87.605,-96.030
07:33:05,-87.605,-96.030
07:33:15,-87.606,-96.030
07:33:25,-87.606,-96.030
07:33:35,-87.606,-96.030
07:33:45,-87.606,-96.030
07:33:55,-87.606,-96.030
07:34:05,-87.606,-96.030
07:34:15,-87.606,-96.030
07:34:25,-87.606,-96.030
07:34:35,-87.606,-96.030
07:34:45,-87.606,-96.030
07:34:55,-87.606,-96.030
07:35:05,-87.606,-96.030
07:35:15,-87.606,-96.030
07:35:25,-87.606,-96.030
07:35:35,-87.606,-96.030
07:35:45,-87.606,-96.030
07:35:55,-87.606,-96.030
07:36:05,-87.606,-96.030
07:36:15,-87.606,-96.030
07:36:25,-87.606,-96.030
07:36:36,-87.606,-96.030
07:36:46,-87.606,-96.030
07:36:56,-87.606,-96.030
07:37:06,-87.606,-96.030
07:37:16,-87.606,-96.030
07:37:26,-87.606,-96.030
07:37:36,-87.606,-96.030
07:37:46,-87.606,-96.030
07:37:56,-87.606,-96.030
07:38:06,-87.606,-96.030
07:38:16,-87.606,-96.030
07:38:26,-87.606,-96.030
07:38:36,-87.606,-96.030
07:38:46,-87.606,-96.029
07:38:56,-87.606,-96.029
07:39:06,-87.606,-96.029
07:39:16,-87.606,-96.029
07:39:26,-87.606,-96.030
07:39:36,-87.606,-96.030
07:39:46,-87.606,-96.030
07:39:56,-87.606,-96.030
07:40:06,-87.606,-96.030
07:40:16,-87.606,-96.030
07:40:26,-87.606,-96.030
07:40:36,-87.606,-96.030
07:40:46,-87.606,-96.030
07:40:56,-87.606,-96.030
07:41:06,-87.606,-96.029
07:41:16,-87.606,-96.030
07:41:26,-87.606,-96.030
07:41:36,-87.606,-96.030
07:41:46,-87.606,-96.030
07:41:56,-87.606,-96.030
07:42:06,-87.606,-96.030
07:42:17,-87.606,-96.030
07:42:27,-87.606,-96.030
07:42:37,-87.606,-96.029
07:42:47,-87.606,-96.030
07:42:57,-87.606,-96.030
07:43:07,-87.606,-96.030
07:43:17,-87.605,-96.029
07:43:27,-87.605,-96.029
07:43:37,-87.605,-96.029
07:43:47,-87.605,-96.029
07:43:57,-87.605,-96.029
07:44:07,-87.605,-96.029
07:44:17,-87.605,-96.029
07:44:27,-87.605,-96.029
07:44:37,-87.605,-96.029
07:44:47,-87.606,-96.029
07:44:57,-87.606,-96.029
07:45:07,-87.606,-96.029
07:45:17,-87.606,-96.029
07:45:27,-87.606,-96.029
07:45:37,-87.606,-96.029
07:45:47,-87.606,-96.029
07:45:57,-87.606,-96.029
07:46:07,-87.606,-96.029
07:46:17,-87.606,-96.029
07:46:27,-87.606,-96.029
07:46:37,-87.606,-96.029
07:46:47,-87.606,-96.029
07:46:57,-87.606,-96.029
07:47:07,-87.606,-96.029
07:47:17,-87.606,-96.030
07:47:27,-87.606,-96.029
07:47:37,-87.606,-96.029
07:47:48,-87.606,-96.030
07:47:58,-87.606,-96.030
07:48:08,-87.606,-96.030
07:48:18,-87.606,-96.030
07:48:28,-87.606,-96.030
07:48:38,-87.606,-96.029
07:48:48,-87.606,-96.029
07:48:58,-87.606,-96.029
07:49:08,-87.606,-96.029
07:49:18,-87.606,-96.029
07:49:28,-87.606,-96.029
07:49:38,-87.606,-96.029
07:49:48,-87.606,-96.029
07:49:58,-87.606,-96.029
07:50:08,-87.606,-96.029
07:50:18,-87.606,-96.029
07:50:28,-87.606,-96.029
07:50:38,-87.606,-96.029
07:50:48,-87.606,-96.029
07:50:58,-87.606,-96.029
07:51:08,-87.606,-96.029
07:51:18,-87.606,-96.029
07:51:28,-87.606,-96.029
07:51:38,-87.605,-96.029
07:51:48,-87.605,-96.029
07:51:58,-87.605,-96.029
07:52:08,-87.605,-96.029
07:52:18,-87.605,-96.029
07:52:28,-87.605,-96.029
07:52:38,-87.605,-96.029
07:52:48,-87.605,-96.029
07:52:58,-87.605,-96.029
07:53:08,-87.605,-96.029
07:53:19,-87.605,-96.029
07:53:29,-87.605,-96.029
07:53:39,-87.605,-96.030
07:53:49,-87.605,-96.030
07:53:59,-87.605,-96.030
07:54:09,-87.605,-96.030
07:54:19,-87.605,-96.030
07:54:29,-87.605,-96.030
07:54:39,-87.605,-96.030
07:54:49,-87.605,-96.030
07:54:59,-87.605,-96.030
07:55:09,-87.605,-96.030
07:55:19,-87.605,-96.030
07:55:29,-87.605,-96.030
07:55:39,-87.605,-96.029
07:55:49,-87.605,-96.029
07:55:59,-87.605,-96.029
07:56:09,-87.605,-96.029
07:56:19,-87.605,-96.029
07:56:29,-87.605,-96.029
07:56:39,-87.605,-96.029
07:56:49,-87.605,-96.029
07:56:59,-87.605,-96.029
07:57:09,-87.605,-96.029
07:57:19,-87.605,-96.029
07:57:29,-87.605,-96.029
07:57:39,-87.605,-96.029
07:57:49,-87.605,-96.029
07:57:59,-87.605,-96.029
07:58:09,-87.604,-96.029
07:58:19,-87.604,-96.029
07:58:29,-87.604,-96.029
07:58:40,-87.604,-96.029
07:58:50,-87.604,-96.029
07:59:00,-87.604,-96.029
07:59:10,-87.604,-96.029
07:59:20,-87.604,-96.029
07:59:30,-87.604,-96.029
07:59:40,-87.604,-96.029
07:59:50,-87.604,-96.029
08:00:00,-87.604,-96.029
08:00:10,-87.604,-96.029
08:00:20,-87.604,-96.029
08:00:30,-87.604,-96.029
08:00:40,-87.604,-96.029
08:00:50,-87.604,-96.029
08:01:00,-87.604,-96.029
08:01:10,-87.604,-96.029
08:01:20,-87.604,-96.029
08:01:30,-87.605,-96.029
08:01:40,-87.605,-96.029
08:01:50,-87.605,-96.029
08:02:00,-87.605,-96.029
08:02:10,-87.605,-96.029
08:02:20,-87.605,-96.029
08:02:30,-87.604,-96.029
08:02:40,-87.604,-96.029
08:02:50,-87.604,-96.029
08:03:00,-87.604,-96.029
08:03:10,-87.604,-96.029
08:03:20,-87.604,-96.030
08:03:30,-87.604,-96.030
08:03:40,-87.604,-96.030
08:03:50,-87.604,-96.030
08:04:00,-87.604,-96.030
08:04:10,-87.604,-96.030
08:04:21,-87.604,-96.030
08:04:31,-87.604,-96.030
08:04:41,-87.604,-96.030
08:04:51,-87.604,-96.030
08:05:01,-87.604,-96.030
08:05:11,-87.604,-96.030
08:05:21,-87.604,-96.030
08:05:31,-87.604,-96.030
08:05:41,-87.604,-96.030
08:05:51,-87.604,-96.030
08:06:01,-87.604,-96.030
08:06:11,-87.604,-96.030
08:06:21,-87.604,-96.030
08:06:31,-87.604,-96.030
08:06:41,-87.604,-96.030
08:06:51,-87.604,-96.030
08:07:01,-87.604,-96.030
08:07:11,-87.604,-96.030
08:07:21,-87.604,-96.030
08:07:31,-87.603,-96.030
08:07:41,-87.603,-96.030
08:07:51,-87.603,-96.030
08:08:01,-87.603,-96.030
08:08:11,-87.603,-96.030
08:08:21,-87.603,-96.030
08:08:31,-87.603,-96.030
08:08:41,-87.603,-96.030
08:08:51,-87.604,-96.030
08:09:01,-87.604,-96.030
08:09:11,-87.603,-96.030
08:09:21,-87.603,-96.030
08:09:31,-87.603,-96.030
08:09:41,-87.603,-96.029
08:09:52,-87.603,-96.030
08:10:02,-87.603,-96.029
08:10:12,-87.603,-96.029
08:10:22,-87.603,-96.029
08:10:32,-87.603,-96.029
08:10:42,-87.603,-96.029
08:10:52,-87.603,-96.029
08:11:02,-87.603,-96.029
08:11:12,-87.603,-96.029
08:11:22,-87.603,-96.029
08:11:32,-87.603,-96.029
08:11:42,-87.603,-96.029
08:11:52,-87.603,-96.029
08:12:02,-87.603,-96.029
08:12:12,-87.603,-96.029
08:12:22,-87.603,-96.029
08:12:32,-87.603,-96.029
08:12:42,-87.603,-96.030
08:12:52,-87.603,-96.029
08:13:02,-87.603,-96.029
08:13:12,-87.603,-96.029
08:13:22,-87.603,-96.029
08:13:32,-87.603,-96.029
08:13:42,-87.603,-96.029
08:13:52,-87.603,-96.029
08:14:02,-87.603,-96.029
08:14:12,-87.603,-96.029
08:14:22,-87.603,-96.029
08:14:32,-87.603,-96.029
08:14:42,-87.603,-96.029
08:14:52,-87.603,-96.029
08:15:02,-87.603,-96.030
08:15:12,-87.603,-96.029
08:15:22,-87.603,-96.030
08:15:32,-87.603,-96.029
08:15:42,-87.603,-96.029
08:15:53,-87.603,-96.030
08:16:03,-87.603,-96.030
08:16:13,-87.603,-96.030
08:16:23,-87.603,-96.030
08:16:33,-87.603,-96.030
08:16:43,-87.603,-96.030
08:16:53,-87.603,-96.030
08:17:03,-87.603,-96.029
08:17:13,-87.603,-96.030
08:17:23,-87.603,-96.030
08:17:33,-87.603,-96.030
08:17:43,-87.603,-96.029
08:17:53,-87.603,-96.029
08:18:03,-87.603,-96.029
08:18:13,-87.603,-96.029
08:18:23,-87.603,-96.029
08:18:33,-87.603,-96.029
08:18:43,-87.603,-96.029
08:18:53,-87.603,-96.029
08:19:03,-87.603,-96.029
08:19:13,-87.603,-96.029
08:19:23,-87.603,-96.029
08:19:33,-87.603,-96.030
08:19:43,-87.603,-96.029
08:19:53,-87.603,-96.029
08:20:03,-87.603,-96.029
08:20:13,-87.603,-96.029
08:20:23,-87.603,-96.029
08:20:33,-87.603,-96.029
08:20:43,-87.603,-96.029
08:20:53,-87.603,-96.029
08:21:03,-87.603,-96.029
08:21:14,-87.603,-96.029
08:21:24,-87.603,-96.029
08:21:34,-87.603,-96.029
08:21:44,-87.603,-96.029
08:21:54,-87.603,-96.029
08:22:04,-87.603,-96.029
08:22:14,-87.603,-96.029
08:22:24,-87.603,-96.029
08:22:34,-87.603,-96.029
08:22:44,-87.603,-96.029
08:22:54,-87.603,-96.029
08:23:04,-87.603,-96.029
08:23:14,-87.603,-96.029
08:23:24,-87.603,-96.029
08:23:34,-87.603,-96.029
08:23:44,-87.603,-96.029
08:23:54,-87.603,-96.029
08:24:04,-87.603,-96.029
08:24:14,-87.603,-96.029
08:24:24,-87.603,-96.029
08:24:34,-87.603,-96.029
08:24:44,-87.603,-96.029
08:24:54,-87.603,-96.029
08:25:04,-87.603,-96.029
08:25:14,-87.603,-96.028
08:25:24,-87.603,-96.028
08:25:34,-87.603,-96.028
08:25:44,-87.603,-96.028
08:25:54,-87.603,-96.029
08:26:04,-87.603,-96.029
08:26:14,-87.603,-96.029
08:26:24,-87.603,-96.029
08:26:34,-87.603,-96.029
08:26:44,-87.603,-96.029
08:26:54,-87.603,-96.029
08:27:05,-87.603,-96.029
08:27:15,-87.603,-96.029
08:27:25,-87.603,-96.028
08:27:35,-87.603,-96.029
08:27:45,-87.603,-96.029
08:27:55,-87.603,-96.029
08:28:05,-87.603,-96.029
08:28:15,-87.603,-96.029
08:28:25,-87.603,-96.029
08:28:35,-87.603,-96.029
08:28:45,-87.603,-96.029
08:28:55,-87.603,-96.029
08:29:05,-87.603,-96.029
08:29:15,-87.603,-96.029
08:29:25,-87.603,-96.029
08:29:35,-87.603,-96.029
08:29:45,-87.603,-96.028
08:29:55,-87.603,-96.029
08:30:05,-87.603,-96.029
08:30:15,-87.603,-96.029
08:30:25,-87.603,-96.029
08:30:35,-87.603,-96.029
08:30:45,-87.603,-96.029
08:30:55,-87.603,-96.029
08:31:05,-87.603,-96.029
08:31:15,-87.603,-96.029
08:31:25,-87.603,-96.029
08:31:35,-87.603,-96.029
08:31:45,-87.603,-96.029
08:31:55,-87.603,-96.029
08:32:05,-87.603,-96.029
08:32:15,-87.603,-96.029
08:32:25,-87.603,-96.029
08:32:35,-87.603,-96.029
08:32:45,-87.603,-96.029
08:32:56,-87.603,-96.029
08:33:06,-87.603,-96.029
08:33:16,-87.603,-96.029
08:33:26,-87.603,-96.029
08:33:36,-87.603,-96.029
08:33:46,-87.603,-96.029
08:33:56,-87.603,-96.029
08:34:06,-87.603,-96.029
08:34:16,-87.603,-96.029
08:34:26,-87.603,-96.029
08:34:36,-87.603,-96.029
08:34:46,-87.603,-96.029
08:34:56,-87.603,-96.029
08:35:06,-87.603,-96.029
08:35:16,-87.603,-96.029
08:35:26,-87.603,-96.029
08:35:36,-87.603,-96.029
08:35:46,-87.603,-96.029
08:35:56,-87.603,-96.029
08:36:06,-87.603,-96.029
08:36:16,-87.603,-96.029
08:36:26,-87.603,-96.029
08:36:36,-87.603,-96.029
08:36:46,-87.603,-96.029
08:36:56,-87.603,-96.029
08:37:06,-87.603,-96.029
08:37:16,-87.603,-96.029
08:37:26,-87.603,-96.029
08:37:36,-87.603,-96.029
08:37:46,-87.603,-96.029
08:37:56,-87.603,-96.029
08:38:06,-87.603,-96.029
08:38:16,-87.603,-96.029
08:38:27,-87.603,-96.029
08:38:37,-87.603,-96.029
08:38:47,-87.603,-96.029
08:38:57,-87.603,-96.029
08:39:07,-87.603,-96.029
08:39:17,-87.603,-96.029
08:39:27,-87.603,-96.029
08:39:37,-87.603,-96.029
08:39:47,-87.603,-96.029
08:39:57,-87.603,-96.029
08:40:07,-87.603,-96.029
08:40:17,-87.603,-96.029
08:40:27,-87.603,-96.029
08:40:37,-87.603,-96.029
08:40:47,-87.603,-96.029
08:40:57,-87.602,-96.029
08:41:07,-87.602,-96.029
08:41:17,-87.602,-96.029
08:41:27,-87.603,-96.029
08:41:37,-87.603,-96.029
08:41:47,-87.603,-96.029
08:41:57,-87.603,-96.029
08:42:07,-87.603,-96.029
08:42:17,-87.603,-96.029
08:42:27,-87.603,-96.029
08:42:37,-87.603,-96.029
08:42:47,-87.603,-96.029
08:42:57,-87.603,-96.029
08:43:07,-87.603,-96.029
08:43:17,-87.603,-96.029
08:43:27,-87.603,-96.029
08:43:37,-87.603,-96.029
08:43:47,-87.603,-96.029
08:43:58,-87.603,-96.029
08:44:08,-87.603,-96.029
08:44:18,-87.603,-96.029
08:44:28,-87.603,-96.029
08:44:38,-87.603,-96.029
08:44:48,-87.603,-96.029
08:44:58,-87.603,-96.029
08:45:08,-87.603,-96.029
08:45:18,-87.603,-96.029
08:45:28,-87.603,-96.029
08:45:38,-87.603,-96.029
08:45:48,-87.603,-96.029
08:45:58,-87.603,-96.029
08:46:08,-87.603,-96.029
08:46:18,-87.603,-96.028
08:46:28,-87.603,-96.029
08:46:38,-87.602,-96.029
08:46:48,-87.603,-96.029
08:46:58,-87.603,-96.029
08:47:08,-87.603,-96.029
08:47:18,-87.603,-96.029
08:47:28,-87.603,-96.028
08:47:38,-87.603,-96.028
08:47:48,-87.603,-96.028
08:47:58,-87.603,-96.028
08:48:08,-87.603,-96.028
08:48:18,-87.603,-96.028
08:48:28,-87.603,-96.028
08:48:38,-87.603,-96.028
08:48:48,-87.603,-96.028
08:48:58,-87.603,-96.029
08:49:08,-87.603,-96.029
08:49:18,-87.603,-96.029
08:49:28,-87.603,-96.029
08:49:39,-87.603,-96.029
08:49:49,-87.603,-96.029
08:49:59,-87.603,-96.029
08:50:09,-87.603,-96.028
08:50:19,-87.603,-96.028
08:50:29,-87.603,-96.028
08:50:39,-87.603,-96.029
08:50:49,-87.603,-96.029
08:50:59,-87.603,-96.029
08:51:09,-87.603,-96.029
08:51:19,-87.603,-96.029
08:51:29,-87.603,-96.029
08:51:39,-87.603,-96.029
08:51:49,-87.603,-96.029
08:51:59,-87.603,-96.029
08:52:09,-87.603,-96.029
08:52:19,-87.603,-96.029
08:52:29,-87.603,-96.029
08:52:39,-87.603,-96.029
08:52:49,-87.603,-96.029
08:52:59,-87.603,-96.029
08:53:09,-87.603,-96.029
08:53:19,-87.603,-96.029
08:53:29,-87.603,-96.029
08:53:39,-87.603,-96.029
08:53:49,-87.603,-96.029
08:53:59,-87.603,-96.029
08:54:09,-87.603,-96.029
08:54:19,-87.603,-96.029
08:54:29,-87.603,-96.029
08:54:39,-87.603,-96.029
08:54:50,-87.603,-96.029
08:55:00,-87.603,-96.029
08:55:10,-87.603,-96.029
08:55:20,-87.603,-96.029
08:55:30,-87.603,-96.029
08:55:40,-87.603,-96.029
08:55:50,-87.603,-96.029
08:56:00,-87.603,-96.029
08:56:10,-87.603,-96.029
08:56:20,-87.604,-96.029
08:56:30,-87.603,-96.029
08:56:40,-87.603,-96.029
08:56:50,-87.603,-96.029
08:57:00,-87.603,-96.029
08:57:10,-87.603,-96.029
08:57:20,-87.603,-96.029
08:57:30,-87.603,-96.029
08:57:40,-87.603,-96.029
08:57:50,-87.603,-96.029
08:58:00,-87.603,-96.029
08:58:10,-87.603,-96.029
08:58:20,-87.603,-96.028
08:58:30,-87.603,-96.029
08:58:40,-87.603,-96.029
08:58:50,-87.603,-96.029
08:59:00,-87.603,-96.029
08:59:10,-87.603,-96.029
08:59:20,-87.603,-96.028
08:59:30,-87.603,-96.028
08:59:40,-87.603,-96.028
08:59:50,-87.603,-96.028
09:00:00,-87.603,-96.028
09:00:10,-87.603,-96.028
09:00:21,-87.603,-96.028
09:00:31,-87.603,-96.028
09:00:41,-87.603,-96.028
09:00:51,-87.603,-96.028
09:01:01,-87.603,-96.028
09:01:11,-87.603,-96.028
09:01:21,-87.603,-96.028
09:01:31,-87.603,-96.028
09:01:41,-87.603,-96.028
09:01:51,-87.603,-96.028
09:02:01,-87.603,-96.028
09:02:11,-87.603,-96.028
09:02:21,-87.603,-96.028
09:02:31,-87.603,-96.028
09:02:41,-87.603,-96.028
09:02:51,-87.603,-96.028
09:03:01,-87.603,-96.028
09:03:11,-87.603,-96.028
09:03:21,-87.603,-96.028
09:03:31,-87.603,-96.028
09:03:41,-87.603,-96.028
09:03:51,-87.603,-96.028
09:04:01,-87.603,-96.028
09:04:11,-87.603,-96.028
09:04:21,-87.603,-96.028
09:04:31,-87.603,-96.028
09:04:41,-87.603,-96.028
09:04:51,-87.603,-96.028
09:05:01,-87.603,-96.028
09:05:11,-87.603,-96.028
09:05:21,-87.603,-96.028
09:05:31,-87.603,-96.028
09:05:41,-87.603,-96.028
09:05:51,-87.603,-96.028
09:06:01,-87.603,-96.028
09:06:11,-87.603,-96.028
09:06:21,-87.602,-96.028
09:06:31,-87.602,-96.028
09:06:41,-87.602,-96.028
09:06:52,-87.602,-96.028
09:07:02,-87.602,-96.028
09:07:12,-87.602,-96.028
09:07:22,-87.602,-96.028
09:07:32,-87.602,-96.028
09:07:42,-87.602,-96.028
09:07:52,-87.602,-96.028
09:08:02,-87.602,-96.028
09:08:12,-87.602,-96.028
09:08:22,-87.602,-96.028
09:08:32,-87.602,-96.028
09:08:42,-87.602,-96.028
09:08:52,-87.602,-96.028
09:09:02,-87.602,-96.028
09:09:12,-87.602,-96.028
09:09:22,-87.602,-96.028
09:09:32,-87.602,-96.028
09:09:42,-87.602,-96.029
09:09:52,-87.602,-96.028
09:10:02,-87.602,-96.029
09:10:12,-87.602,-96.029
09:10:22,-87.602,-96.029
09:10:32,-87.602,-96.029
09:10:42,-87.602,-96.028
09:10:52,-87.602,-96.029
09:11:02,-87.602,-96.028
09:11:12,-87.602,-96.028
09:11:22,-87.602,-96.028
09:11:32,-87.602,-96.028
09:11:42,-87.602,-96.028
09:11:52,-87.602,-96.028
09:12:02,-87.602,-96.028
09:12:12,-87.602,-96.028
09:12:23,-87.602,-96.028
09:12:33,-87.602,-96.028
09:12:43,-87.602,-96.028
09:12:53,-87.602,-96.028
09:13:03,-87.602,-96.028
09:13:13,-87.602,-96.028
09:13:23,-87.602,-96.028
09:13:33,-87.602,-96.028
09:13:43,-87.602,-96.028
09:13:53,-87.602,-96.028
09:14:03,-87.602,-96.028
09:14:13,-87.602,-96.028
09:14:23,-87.602,-96.028
09:14:33,-87.602,-96.028
09:14:43,-87.602,-96.028
09:14:53,-87.602,-96.028
09:15:03,-87.602,-96.028
09:15:13,-87.602,-96.028
09:15:23,-87.602,-96.028
09:15:33,-87.602,-96.028
09:15:43,-87.602,-96.028
09:15:53,-87.602,-96.028
09:16:03,-87.602,-96.028
09:16:13,-87.602,-96.028
09:16:23,-87.602,-96.028
09:16:33,-87.602,-96.028
09:16:43,-87.601,-96.028
09:16:53,-87.601,-96.028
09:17:03,-87.601,-96.028
09:17:13,-87.601,-96.028
09:17:23,-87.601,-96.028
09:17:33,-87.601,-96.028
09:17:44,-87.601,-96.028
09:17:54,-87.601,-96.028
09:18:04,-87.601,-96.028
09:18:14,-87.601,-96.028
09:18:24,-87.601,-96.028
09:18:34,-87.601,-96.028
09:18:44,-87.601,-96.028
09:18:54,-87.601,-96.028
09:19:04,-87.601,-96.028
09:19:14,-87.601,-96.028
09:19:24,-87.601,-96.028
09:19:34,-87.601,-96.028
09:19:44,-87.601,-96.028
09:19:54,-87.601,-96.028
09:20:04,-87.601,-96.028
09:20:14,-87.601,-96.028
09:20:24,-87.601,-96.028
09:20:34,-87.601,-96.028
09:20:44,-87.601,-96.028
09:20:54,-87.601,-96.028
09:21:04,-87.601,-96.028
09:21:14,-87.601,-96.028
09:21:24,-87.601,-96.029
09:21:34,-87.601,-96.029
09:21:44,-87.601,-96.029
09:21:54,-87.601,-96.029
09:22:04,-87.601,-96.029
09:22:14,-87.601,-96.029
09:22:24,-87.601,-96.029
09:22:34,-87.601,-96.029
09:22:44,-87.601,-96.029
09:22:54,-87.601,-96.029
09:23:04,-87.601,-96.029
09:23:14,-87.601,-96.029
09:23:25,-87.601,-96.029
09:23:35,-87.601,-96.029
09:23:45,-87.601,-96.029
09:23:55,-87.601,-96.029
09:24:05,-87.601,-96.029
09:24:15,-87.601,-96.029
09:24:25,-87.601,-96.029
09:24:35,-87.601,-96.029
09:24:45,-87.601,-96.029
09:24:55,-87.601,-96.029
09:25:05,-87.601,-96.029
09:25:15,-87.601,-96.029
09:25:25,-87.601,-96.029
09:25:35,-87.601,-96.029
09:25:45,-87.601,-96.029
09:25:55,-87.601,-96.029
09:26:05,-87.601,-96.029
09:26:15,-87.601,-96.029
09:26:25,-87.601,-96.029
09:26:35,-87.601,-96.029
09:26:45,-87.601,-96.029
09:26:55,-87.601,-96.029
09:27:05,-87.601,-96.029
09:27:15,-87.601,-96.029
09:27:25,-87.601,-96.029
09:27:35,-87.601,-96.029
09:27:45,-87.601,-96.029
09:27:55,-87.601,-96.029
09:28:05,-87.601,-96.029
09:28:15,-87.601,-96.028
09:28:25,-87.601,-96.028
09:28:35,-87.601,-96.028
09:28:45,-87.601,-96.028
09:28:55,-87.601,-96.028
09:29:05,-87.601,-96.028
09:29:15,-87.601,-96.028
09:29:26,-87.601,-96.028
09:29:36,-87.601,-96.028
09:29:46,-87.601,-96.028
09:29:56,-87.601,-96.028
09:30:06,-87.601,-96.028
09:30:16,-87.601,-96.028
09:30:26,-87.601,-96.028
09:30:36,-87.601,-96.028
09:30:46,-87.601,-96.028
09:30:56,-87.601,-96.028
09:31:06,-87.601,-96.028
09:31:16,-87.601,-96.028
09:31:26,-87.601,-96.028
09:31:36,-87.601,-96.028
09:31:46,-87.601,-96.028
09:31:56,-87.601,-96.028
09:32:06,-87.601,-96.028
09:32:16,-87.601,-96.028
09:32:26,-87.601,-96.028
09:32:36,-87.601,-96.028
09:32:46,-87.601,-96.028
09:32:56,-87.601,-96.028
09:33:06,-87.601,-96.028
09:33:16,-87.601,-96.028
09:33:26,-87.601,-96.028
09:33:36,-87.601,-96.028
09:33:46,-87.601,-96.028
09:33:56,-87.601,-96.028
09:34:06,-87.601,-96.028
09:34:16,-87.601,-96.028
09:34:26,-87.601,-96.028
09:34:37,-87.601,-96.028
09:34:47,-87.601,-96.028
09:34:57,-87.601,-96.028
09:35:07,-87.601,-96.028
09:35:17,-87.601,-96.028
09:35:27,-87.601,-96.028
09:35:37,-87.601,-96.028
09:35:47,-87.601,-96.028
09:35:57,-87.601,-96.028
09:36:07,-87.601,-96.028
09:36:17,-87.601,-96.028
09:36:27,-87.601,-96.028
09:36:37,-87.601,-96.028
09:36:47,-87.601,-96.028
09:36:57,-87.601,-96.028
09:37:07,-87.601,-96.028
09:37:17,-87.601,-96.028
09:37:27,-87.601,-96.028
09:37:37,-87.601,-96.028
09:37:47,-87.601,-96.028
09:37:57,-87.601,-96.028
09:38:07,-87.601,-96.028
09:38:17,-87.601,-96.028
09:38:27,-87.601,-96.028
09:38:37,-87.601,-96.028
09:38:47,-87.601,-96.029
09:38:57,-87.601,-96.028
09:39:07,-87.601,-96.028
09:39:17,-87.601,-96.029
09:39:27,-87.601,-96.029
09:39:37,-87.601,-96.029
09:39:47,-87.601,-96.029
09:39:57,-87.602,-96.029
09:40:07,-87.602,-96.028
09:40:17,-87.601,-96.028
09:40:28,-87.601,-96.028
09:40:38,-87.601,-96.028
09:40:48,-87.602,-96.028
09:40:58,-87.601,-96.028
09:41:08,-87.601,-96.028
09:41:18,-87.601,-96.028
09:41:28,-87.601,-96.028
09:41:38,-87.601,-96.028
09:41:48,-87.601,-96.028
09:41:58,-87.601,-96.028
09:42:08,-87.601,-96.028
09:42:18,-87.601,-96.028
09:42:28,-87.601,-96.028
09:42:38,-87.601,-96.028
09:42:48,-87.601,-96.028
09:42:58,-87.601,-96.028
09:43:08,-87.601,-96.028
09:43:18,-87.601,-96.028
09:43:28,-87.601,-96.028
09:43:38,-87.601,-96.028
09:43:48,-87.601,-96.028
09:43:58,-87.601,-96.028
09:44:08,-87.601,-96.028
09:44:18,-87.601,-96.028
09:44:28,-87.601,-96.028
09:44:38,-87.601,-96.028
09:44:48,-87.601,-96.028
09:44:58,-87.601,-96.028
09:45:08,-87.601,-96.028
09:45:18,-87.601,-96.028
09:45:28,-87.601,-96.028
09:45:39,-87.601,-96.028
09:45:49,-87.601,-96.028
09:45:59,-87.601,-96.028
09:46:09,-87.601,-96.028
09:46:19,-87.601,-96.028
09:46:29,-87.601,-96.028
09:46:39,-87.601,-96.028
09:46:49,-87.601,-96.028
09:46:59,-87.601,-96.028
09:47:09,-87.601,-96.028
09:47:19,-87.601,-96.028
09:47:29,-87.601,-96.028
09:47:39,-87.601,-96.028
09:47:49,-87.601,-96.028
09:47:59,-87.601,-96.028
09:48:09,-87.601,-96.028
09:48:19,-87.601,-96.028
09:48:29,-87.601,-96.028
09:48:39,-87.601,-96.028
09:48:49,-87.601,-96.028
09:48:59,-87.601,-96.028
09:49:09,-87.601,-96.028
09:49:19,-87.601,-96.028
09:49:29,-87.601,-96.028
09:49:39,-87.601,-96.028
09:49:49,-87.600,-96.028
09:49:59,-87.600,-96.028
09:50:09,-87.600,-96.028
09:50:19,-87.600,-96.028
09:50:29,-87.600,-96.028
09:50:39,-87.600,-96.028
09:50:49,-87.600,-96.028
09:50:59,-87.600,-96.028
09:51:10,-87.600,-96.028
09:51:20,-87.600,-96.028
09:51:30,-87.600,-96.028
09:51:40,-87.600,-96.028
09:51:50,-87.600,-96.028
09:52:00,-87.600,-96.028
09:52:10,-87.600,-96.028
09:52:20,-87.600,-96.028
09:52:30,-87.600,-96.028
09:52:40,-87.600,-96.028
09:52:50,-87.600,-96.028
09:53:00,-87.600,-96.028
09:53:10,-87.600,-96.028
09:53:20,-87.600,-96.028
09:53:30,-87.600,-96.028
09:53:40,-87.600,-96.028
09:53:50,-87.600,-96.028
09:54:00,-87.600,-96.028
09:54:10,-87.600,-96.028
09:54:20,-87.600,-96.028
09:54:30,-87.600,-96.028
09:54:40,-87.600,-96.028
09:54:50,-87.600,-96.028
09:55:00,-87.600,-96.028
09:55:10,-87.600,-96.028
09:55:20,-87.600,-96.028
09:55:30,-87.600,-96.028
09:55:40,-87.600,-96.028
09:55:50,-87.600,-96.028
09:56:00,-87.600,-96.028
09:56:10,-87.600,-96.028
09:56:20,-87.600,-96.028
09:56:31,-87.600,-96.028
09:56:41,-87.600,-96.028
09:56:51,-87.600,-96.028
09:57:01,-87.600,-96.028
09:57:11,-87.600,-96.028
09:57:21,-87.600,-96.028
09:57:31,-87.600,-96.028
09:57:41,-87.600,-96.028
09:57:51,-87.600,-96.028
09:58:01,-87.600,-96.028
09:58:11,-87.600,-96.028
09:58:21,-87.600,-96.028
09:58:31,-87.600,-96.028
09:58:41,-87.600,-96.028
09:58:51,-87.600,-96.028
09:59:01,-87.600,-96.028
09:59:11,-87.600,-96.028
09:59:21,-87.600,-96.028
09:59:31,-87.600,-96.028
09:59:41,-87.600,-96.028
09:59:51,-87.600,-96.028
10:00:01,-87.600,-96.028
10:00:11,-87.600,-96.028
10:00:21,-87.600,-96.028
10:00:31,-87.600,-96.028
10:00:41,-87.600,-96.028
10:00:51,-87.600,-96.028
10:01:01,-87.600,-96.028
10:01:11,-87.600,-96.028
10:01:21,-87.600,-96.028
10:01:31,-87.600,-96.028
10:01:42,-87.600,-96.028
10:01:52,-87.600,-96.028
10:02:02,-87.600,-96.028
10:02:12,-87.600,-96.027
10:02:22,-87.600,-96.028
10:02:32,-87.600,-96.028
10:02:42,-87.600,-96.028
10:02:52,-87.600,-96.028
10:03:02,-87.600,-96.028
10:03:12,-87.600,-96.028
10:03:22,-87.600,-96.028
10:03:32,-87.600,-96.028
10:03:42,-87.600,-96.028
10:03:52,-87.600,-96.028
10:04:02,-87.600,-96.028
10:04:12,-87.600,-96.028
10:04:22,-87.600,-96.028
10:04:32,-87.600,-96.028
10:04:42,-87.600,-96.028
10:04:52,-87.600,-96.028
10:05:02,-87.600,-96.028
10:05:12,-87.600,-96.027
10:05:22,-87.600,-96.028
10:05:32,-87.600,-96.027
10:05:42,-87.600,-96.027
10:05:52,-87.600,-96.027
10:06:02,-87.600,-96.027
10:06:12,-87.600,-96.027
10:06:22,-87.600,-96.027
10:06:32,-87.600,-96.027
10:06:42,-87.600,-96.027
10:06:52,-87.600,-96.027
10:07:02,-87.600,-96.027
10:07:12,-87.600,-96.027
10:07:22,-87.600,-96.027
10:07:32,-87.600,-96.027
10:07:43,-87.600,-96.027
10:07:53,-87.600,-96.027
10:08:03,-87.600,-96.027
10:08:13,-87.600,-96.027
10:08:23,-87.600,-96.027
10:08:33,-87.600,-96.027
10:08:43,-87.600,-96.027
10:08:53,-87.600,-96.027
10:09:03,-87.600,-96.027
10:09:13,-87.600,-96.027
10:09:23,-87.599,-96.027
10:09:33,-87.599,-96.027
10:09:43,-87.599,-96.027
10:09:53,-87.599,-96.027
10:10:03,-87.600,-96.027
10:10:13,-87.600,-96.027
10:10:23,-87.600,-96.027
10:10:33,-87.600,-96.027
10:10:43,-87.599,-96.027
10:10:53,-87.599,-96.027
10:11:03,-87.599,-96.027
10:11:13,-87.599,-96.027
10:11:23,-87.599,-96.027
10:11:33,-87.599,-96.027
10:11:43,-87.599,-96.027
